pair_id,band,src_lat,src_lon,dst_lat,dst_lon,gc_km,status,snap_src_m,snap_dst_m,in_sweep
10-25:0000,10-25,42.421246,-71.68741,42.216761,-71.755904,23.425,ok,0.1,9.6,1
10-25:0001,10-25,42.652306,-72.9976,42.512584,-73.192881,22.294,ok,22.6,9.6,1
10-25:0002,10-25,42.20634,-71.685388,42.286205,-71.626734,10.108,ok,20.7,5.9,1
10-25:0003,10-25,42.483429,-70.880048,42.405609,-70.991467,12.588,ok,14.7,11.3,1
10-25:0004,10-25,41.819408,-71.376257,41.920933,-71.296719,13.07,ok,22.2,27.6,1
10-25:0005,10-25,41.359741,-72.638105,41.337321,-72.37064,22.465,ok,46.0,3.0,1
10-25:0006,10-25,41.470653,-72.939826,41.538188,-72.802613,13.673,ok,80.1,3.5,1
10-25:0007,10-25,43.371361,-71.211388,43.508134,-71.263957,15.79,ok,4.0,7.7,1
10-25:0008,10-25,41.467514,-72.904019,41.590375,-73.050941,18.336,ok,37.7,62.7,1
10-25:0009,10-25,42.765578,-71.439342,42.715644,-71.661182,18.948,ok,11.7,2.4,1
10-25:0010,10-25,42.132622,-71.040126,42.161768,-70.852821,15.778,ok,10.1,32.9,1
10-25:0011,10-25,42.233432,-71.149497,42.436207,-71.050885,23.96,ok,40.1,4.8,1
10-25:0012,10-25,42.672585,-72.274529,42.694465,-72.456017,15.033,ok,35.7,8.1,1
10-25:0013,10-25,42.759389,-70.94799,42.73414,-70.817743,11.0,ok,8.6,1873.0,1
10-25:0014,10-25,42.349309,-72.199278,42.392417,-72.403471,17.446,ok,5.7,6.2,1
10-25:0015,10-25,42.073153,-71.612565,42.037597,-71.88285,22.663,ok,33.9,17.7,0
10-25:0016,10-25,42.423145,-72.441753,42.501476,-72.641201,18.535,ok,8.0,52.2,0
10-25:0017,10-25,42.794512,-72.185935,42.920081,-72.43731,24.795,ok,147.2,16.1,0
10-25:0018,10-25,42.255092,-71.964797,42.390368,-72.080078,17.779,ok,8.6,6.6,0
10-25:0019,10-25,41.701064,-71.154637,41.65566,-70.906427,21.223,ok,7.4,20.5,0
10-25:0020,10-25,42.351535,-71.068465,42.448485,-71.009878,11.805,ok,5.5,13.7,0
10-25:0021,10-25,45.360884,-68.950872,45.187279,-68.891424,19.857,ok,20.7,39.9,0
10-25:0022,10-25,43.622581,-71.276185,43.50306,-71.252317,13.429,ok,32.1,230.4,0
10-25:0023,10-25,42.258426,-71.848128,42.16954,-71.620344,21.204,ok,26.5,22.0,0
10-25:0024,10-25,41.530097,-73.01344,41.51732,-72.872046,11.856,ok,15.3,106.2,0
10-25:0025,10-25,42.091767,-70.966155,42.177123,-70.749991,20.194,ok,8.5,19.2,0
10-25:0026,10-25,42.653876,-72.714318,42.456198,-72.835094,24.104,ok,6.3,18.3,0
10-25:0027,10-25,44.594246,-72.563042,44.549775,-72.299549,21.45,ok,10.3,39.5,0
10-25:0028,10-25,42.191768,-70.717818,42.097324,-70.849486,15.104,ok,42.2,41.3,0
10-25:0029,10-25,41.866214,-70.863651,41.799825,-70.764759,11.028,ok,147.3,4.2,0
10-25:0030,10-25,44.035068,-69.536918,43.905336,-69.507147,14.621,ok,0.1,2.1,0
10-25:0031,10-25,43.217738,-72.740354,43.391894,-72.594666,22.671,ok,7.8,6.7,0
10-25:0032,10-25,41.21232,-73.030105,41.297319,-73.072608,10.097,ok,3.0,14.5,0
10-25:0033,10-25,43.494997,-70.453317,43.654024,-70.262999,23.404,ok,0.0,5.6,0
10-25:0034,10-25,42.347038,-71.580066,42.233427,-71.810627,22.787,ok,8.1,2.8,0
10-25:0035,10-25,43.17149,-72.606592,43.257992,-72.715968,13.08,ok,8.8,15.4,0
10-25:0036,10-25,42.113985,-71.799515,41.915309,-71.909256,23.88,ok,65.4,1.0,0
10-25:0037,10-25,43.994793,-71.060903,43.970728,-70.80353,20.766,ok,61.6,15.4,0
10-25:0038,10-25,42.286201,-72.616201,42.15426,-72.606478,14.693,ok,1.4,30.4,0
10-25:0039,10-25,42.628861,-70.768366,42.640373,-70.599487,13.874,ok,11.7,31.5,0
10-25:0040,10-25,41.990379,-70.941986,42.050102,-70.84393,10.474,ok,9.2,69.9,0
10-25:0041,10-25,44.27808,-72.425448,44.409208,-72.195128,23.411,ok,5.7,26.0,0
10-25:0042,10-25,42.037597,-71.88285,42.087597,-71.641177,20.711,ok,17.7,16.2,0
10-25:0043,10-25,42.742995,-71.768876,42.644219,-71.867101,13.604,ok,34.3,6.7,0
10-25:0044,10-25,42.212287,-71.019611,42.223712,-70.8856,11.109,ok,19.4,56.5,0
10-25:0045,10-25,43.546354,-72.425176,43.466739,-72.350091,10.726,ok,6.1,51.9,0
10-25:0046,10-25,42.191766,-71.117551,42.299821,-70.92838,19.668,ok,18.9,637.7,0
10-25:0047,10-25,42.907026,-72.419532,42.825082,-72.5187,12.18,ok,12.5,5.2,0
10-25:0048,10-25,42.483429,-70.880048,42.628861,-70.768366,18.579,ok,14.7,11.7,0
10-25:0049,10-25,42.199546,-70.716152,41.988158,-70.802539,24.562,ok,14.9,1.5,0
10-25:0050,10-25,41.841253,-71.876934,41.831766,-71.587286,24.019,ok,21.5,3.1,0
10-25:0051,10-25,42.483429,-71.107831,42.439796,-70.968308,12.431,ok,98.0,11.6,0
10-25:0052,10-25,42.2301,-70.945272,42.282763,-71.056048,10.836,ok,93.9,10.4,0
10-25:0053,10-25,42.825082,-72.5187,42.951192,-72.768984,24.747,ok,5.2,30.9,0
10-25:0054,10-25,42.126487,-71.309778,42.24098,-71.155022,18.019,ok,48.5,2.1,0
10-25:0055,10-25,43.132583,-71.241175,43.098696,-71.041727,16.622,ok,6.9,24.7,0
10-25:0056,10-25,42.086212,-70.907821,41.95288,-70.814484,16.711,ok,2.6,14.5,0
10-25:0057,10-25,42.352425,-71.06125,42.283433,-70.87449,17.165,ok,9.8,23.1,0
10-25:0058,10-25,42.418934,-71.080073,42.357549,-71.184535,10.963,ok,16.6,10.5,0
10-25:0059,10-25,42.035928,-72.712037,41.973152,-72.806763,10.488,ok,6.4,82.7,0
10-25:0060,10-25,41.636215,-70.934205,41.84169,-70.86092,23.643,ok,50.0,10.5,0
10-25:0061,10-25,41.468445,-70.568917,41.675107,-70.608642,23.216,snap_far,8559.2,4.8,0
10-25:0062,10-25,42.358834,-71.05783,42.48204,-71.061997,13.704,ok,0.1,37.0,0
10-25:0063,10-25,44.736716,-72.349551,44.803104,-72.130378,18.811,ok,12.0,9.9,0
10-25:0064,10-25,41.278151,-73.407343,41.116345,-73.352092,18.576,ok,17.6,106.0,0
10-25:0065,10-25,42.716759,-70.97311,42.525095,-71.111998,24.153,ok,3.0,7.0,0
10-25:0066,10-25,41.711213,-71.106433,41.510109,-71.171165,23.0,ok,722.0,1.3,0
10-25:0067,10-25,42.653876,-72.714318,42.502308,-72.846761,20.041,ok,6.3,135.4,0
10-25:0068,10-25,41.148708,-73.270393,41.313885,-73.077776,24.429,ok,12.1,12.8,0
10-25:0069,10-25,44.208399,-72.103663,44.15965,-71.893741,17.595,ok,6.1,9.2,0
10-25:0070,10-25,44.54121,-72.523675,44.390335,-72.332603,22.613,ok,7.6,28.4,0
10-25:0071,10-25,42.350086,-73.24455,42.543185,-73.318461,22.312,ok,13.4,6.5,0
10-25:0072,10-25,41.273154,-72.583981,41.265375,-72.714263,10.923,ok,1.2,37.5,0
10-25:0073,10-25,41.683662,-73.199665,41.827318,-73.251782,16.548,ok,10.4,7.7,0
10-25:0074,10-25,43.36841,-71.795635,43.337165,-71.565628,18.919,ok,13.7,5.8,0
10-25:0075,10-25,41.343025,-72.129054,41.295931,-72.32786,17.409,ok,16.6,17.3,0
10-25:0076,10-25,42.080662,-70.935599,42.192449,-70.726197,21.275,ok,6.0,2.8,0
10-25:0077,10-25,43.408412,-71.451461,43.442188,-71.588804,11.71,ok,19.0,3.3,0
10-25:0078,10-25,43.970733,-72.081146,43.952845,-72.337596,20.622,ok,4.8,6.4,0
10-25:0079,10-25,42.073153,-71.612565,42.212596,-71.420338,22.172,ok,33.9,50.0,0
10-25:0080,10-25,42.145902,-71.253876,42.228887,-71.519644,23.762,ok,17.4,12.2,0
10-25:0081,10-25,42.538979,-71.87063,42.433423,-72.102301,22.33,ok,31.0,43.0,0
10-25:0082,10-25,44.390057,-72.44707,44.341682,-72.74727,24.462,ok,21.5,29.8,0
10-25:0083,10-25,44.096587,-70.22507,43.975059,-70.123891,15.749,ok,0.0,7.3,0
10-25:0084,10-25,42.023333,-70.68319,41.937332,-70.629274,10.55,ok,4.0,22.9,0
10-25:0085,10-25,43.075007,-73.154188,43.153511,-72.882424,23.724,ok,12.0,7.4,0
10-25:0086,10-25,42.018435,-70.846707,41.916768,-71.004487,17.262,ok,3.1,42.2,0
10-25:0087,10-25,42.463692,-72.580564,42.670362,-72.67398,24.221,ok,11.9,43.0,0
10-25:0088,10-25,42.466762,-71.125887,42.332918,-71.118783,14.894,ok,16.9,2.1,0
10-25:0089,10-25,44.50438,-72.99793,44.680048,-73.083192,20.667,ok,18.4,19.8,0
10-25:0090,10-25,42.545928,-70.993941,42.381337,-71.099771,20.256,ok,47.9,7.5,0
10-25:0091,10-25,43.15591,-73.051771,43.097347,-72.855264,17.226,ok,32.9,7.6,0
10-25:0092,10-25,42.151488,-71.074493,42.161197,-71.216461,11.752,ok,19.8,3.9,0
10-25:0093,10-25,42.615358,-71.215563,42.509818,-70.949495,24.75,ok,13.2,10.4,0
10-25:0094,10-25,43.922839,-73.151227,44.089105,-73.302086,22.077,ok,22.1,11.9,0
10-25:0095,10-25,43.659118,-71.419243,43.54805,-71.407013,12.389,ok,859.8,9.9,0
10-25:0096,10-25,41.619548,-71.052264,41.768157,-71.263382,24.09,ok,2.6,18.6,0
10-25:0097,10-25,41.597039,-73.414843,41.742872,-73.499014,17.659,ok,4.9,10.8,0
10-25:0098,10-25,41.482544,-73.251756,41.408544,-73.437032,17.498,ok,63.2,10.3,0
10-25:0099,10-25,43.072579,-72.649815,42.950637,-72.477311,19.509,ok,61.5,10.4,0
10-25:0100,10-25,43.634491,-70.982857,43.752576,-71.178958,20.518,ok,14.5,0.9,0
10-25:0101,10-25,42.404259,-71.770349,42.25445,-71.814702,17.052,ok,54.0,5.2,0
10-25:0102,10-25,41.561488,-72.582869,41.600544,-72.878294,24.953,ok,15.4,10.1,0
10-25:0103,10-25,44.636106,-72.373296,44.570112,-72.099947,22.851,ok,5.3,2.9,0
10-25:0104,10-25,42.305655,-70.887546,42.429406,-71.055184,19.469,ok,8.8,46.5,0
10-25:0105,10-25,42.311472,-71.927477,42.394517,-72.053682,13.886,ok,4.1,41.8,0
10-25:0106,10-25,43.858676,-72.805385,43.740344,-72.975942,18.987,ok,25.3,29.6,0
10-25:0107,10-25,42.160102,-70.743096,42.220596,-71.004123,22.533,ok,32.1,13.7,0
10-25:0108,10-25,42.570928,-71.028664,42.772312,-71.159781,24.827,ok,1.4,47.9,0
10-25:0109,10-25,41.706488,-72.879823,41.866763,-72.958159,18.968,ok,3.9,14.5,0
10-25:0110,10-25,42.347505,-71.068524,42.427872,-71.336448,23.75,ok,3.8,0.5,0
10-25:0111,10-25,42.02232,-71.718957,42.177131,-71.681207,17.494,ok,50.4,7.9,0
10-25:0112,10-25,41.459833,-70.655585,41.573444,-70.463082,20.408,snap_far,6188.1,2.5,0
10-25:0113,10-25,45.054231,-68.672254,44.980345,-68.396411,23.186,ok,10.7,79.6,0
10-25:0114,10-25,42.240374,-71.406449,42.173816,-71.603135,17.81,ok,2.9,3.0,0
10-25:0115,10-25,43.518387,-71.199554,43.480914,-70.995342,16.99,ok,5.2,50.5,0
10-25:0116,10-25,42.390368,-72.080078,42.226196,-72.049816,18.424,ok,6.6,5.3,0
10-25:0117,10-25,41.926491,-70.79865,41.775381,-70.791426,16.813,ok,9.1,11.0,0
10-25:0118,10-25,42.167508,-71.357276,42.066765,-71.328111,11.458,ok,5.5,9.4,0
10-25:0119,10-25,43.14895,-72.3613,42.993969,-72.19564,21.864,ok,6.3,37.5,0
10-25:0120,10-25,42.469924,-70.917151,42.590372,-70.992553,14.75,ok,6.8,281.5,0
10-25:0121,10-25,43.925066,-71.892076,43.839251,-72.114682,20.232,ok,8.3,7.5,0
10-25:0122,10-25,42.269034,-71.781481,42.061207,-71.878683,24.459,ok,20.3,24.1,0
10-25:0123,10-25,42.151488,-71.074493,42.080662,-70.935599,13.902,ok,19.8,6.0,0
10-25:0124,10-25,41.644271,-70.874481,41.666218,-70.619753,21.303,ok,15.3,16.4,0
10-25:0125,10-25,42.543805,-71.649797,42.407094,-71.52525,18.315,ok,1.9,3.9,0
10-25:0126,10-25,41.771152,-72.334667,41.77977,-72.608139,22.698,ok,9.3,16.8,0
10-25:0127,10-25,41.261764,-73.095386,41.202041,-73.222614,12.542,ok,17.4,11.1,0
10-25:0128,10-25,42.040378,-71.090325,41.990955,-70.862022,19.645,ok,16.4,4.8,0
10-25:0129,10-25,43.533078,-71.246483,43.339247,-71.259511,21.579,ok,1136.6,12.7,0
10-25:0130,10-25,41.816768,-71.086989,41.748157,-71.189768,11.438,ok,244.5,64.8,0
10-25:0131,10-25,42.26481,-73.13566,42.397309,-72.935654,22.077,ok,15.2,34.9,0
10-25:0132,10-25,41.141486,-73.357895,41.222874,-73.256227,12.422,ok,9.9,1.0,0
10-25:0133,10-25,42.262599,-70.995326,42.463985,-70.895326,23.853,ok,4.1,0.3,0
10-25:0134,10-25,41.394543,-72.380085,41.552363,-72.167939,24.907,ok,3.8,14.6,0
10-25:0135,10-25,42.207118,-72.607585,42.277273,-72.400797,18.725,ok,1.3,20.6,0
10-25:0136,10-25,42.218691,-71.223383,42.381337,-71.099771,20.747,ok,4.9,7.5,0
10-25:0137,10-25,42.176483,-71.872572,42.256481,-71.959519,11.419,ok,79.9,6.6,0
10-25:0138,10-25,43.308408,-72.387033,43.400429,-72.514765,14.538,ok,2.1,10.3,0
10-25:0139,10-25,41.766769,-70.94254,41.990379,-70.941986,24.864,ok,10.9,9.2,0
10-25:0140,10-25,42.243604,-71.81678,42.407036,-71.762016,18.722,ok,1.8,7.8,0
10-25:0141,10-25,42.661257,-72.04113,42.47509,-72.078967,20.931,ok,26.4,8.3,0
10-25:0142,10-25,41.648442,-70.481138,41.665662,-70.613364,11.151,ok,9.6,34.2,0
10-25:0143,10-25,42.061207,-71.931462,42.149928,-71.762966,17.045,ok,152.4,18.1,0
10-25:0144,10-25,43.671185,-72.942804,43.773006,-72.813184,15.385,ok,6.8,2.9,0
10-25:0145,10-25,43.097347,-72.855264,43.189798,-73.12955,24.513,ok,7.6,10.4,0
10-25:0146,10-25,42.742583,-72.387864,42.70174,-72.630534,20.337,ok,15.4,10.9,0
10-25:0147,10-25,41.876466,-72.966813,41.98947,-73.09586,16.488,ok,17.2,11.3,0
10-25:0148,10-25,42.639084,-70.950747,42.669814,-70.665114,23.607,ok,1.3,44.7,0
10-25:0149,10-25,41.604239,-70.634803,41.405668,-70.674473,22.326,snap_far,6.4,12307.8,0
10-25:0150,10-25,41.770099,-72.136188,41.873153,-72.121465,11.524,ok,8.3,8.1,0
10-25:0151,10-25,41.943991,-70.823095,42.009823,-70.961987,13.616,ok,21.4,88.5,0
10-25:0152,10-25,42.102875,-71.429226,42.320929,-71.364226,24.83,ok,33.8,17.1,0
10-25:0153,10-25,41.437324,-71.501447,41.50788,-71.4245,10.132,ok,30.1,0.4,0
10-25:0154,10-25,44.032753,-69.531521,43.884842,-69.672808,19.96,ok,3.5,0.0,0
10-25:0155,10-25,41.95288,-70.814484,41.743437,-70.711979,24.788,ok,14.5,11.4,0
10-25:0156,10-25,42.33898,-71.943963,42.316639,-72.126544,15.214,ok,7.6,6.9,0
10-25:0157,10-25,42.122869,-73.228722,41.999815,-73.354563,17.18,ok,39.7,30.4,0
10-25:0158,10-25,42.463642,-70.955517,42.550095,-70.895327,10.805,ok,10.9,24.7,0
10-25:0159,10-25,42.013708,-71.939795,41.88732,-71.962018,14.173,ok,4.9,4.6,0
10-25:0160,10-25,41.575654,-72.332027,41.394543,-72.380085,20.533,ok,19.8,3.8,0
10-25:0161,10-25,41.481485,-73.213169,41.466483,-73.485679,22.765,ok,10.5,24.5,0
10-25:0162,10-25,41.686217,-70.616142,41.543442,-70.649474,16.116,ok,4.7,19.9,0
10-25:0163,10-25,42.094541,-71.74757,42.11593,-71.474228,22.675,ok,0.2,43.5,0
10-25:0164,10-25,41.667979,-70.074043,41.760109,-70.082796,10.27,ok,9.3,1.8,0
10-25:0165,10-25,41.465939,-73.387592,41.629263,-73.224003,22.697,ok,8.5,31.3,0
10-25:0166,10-25,43.878962,-71.219792,43.80285,-71.472852,21.99,ok,78.7,15.0,0
10-25:0167,10-25,42.025098,-71.411447,41.845378,-71.351998,20.58,ok,42.5,13.6,0
10-25:0168,10-25,41.807781,-72.828557,41.714267,-72.652592,17.92,ok,34.0,6.2,0
10-25:0169,10-25,41.336209,-72.185078,41.283987,-72.353972,15.255,ok,3.0,6.3,0
10-25:0170,10-25,41.866047,-71.881561,41.965654,-71.674511,20.4,ok,25.6,18.0,0
10-25:0171,10-25,42.725083,-72.460643,42.545921,-72.318973,23.048,ok,3.9,1.4,0
10-25:0172,10-25,42.123154,-71.263388,42.278011,-71.376194,19.567,ok,204.7,13.2,0
10-25:0173,10-25,43.038698,-70.997281,42.945643,-71.113393,14.009,ok,20.6,32.5,0
10-25:0174,10-25,41.546342,-71.908561,41.614831,-72.054353,14.32,ok,0.7,17.8,0
10-25:0175,10-25,42.257017,-72.516477,42.304339,-72.774959,21.906,ok,3.2,4.9,0
10-25:0176,10-25,41.432666,-72.927481,41.394358,-73.07417,12.953,ok,23.1,10.5,0
10-25:0177,10-25,42.655643,-71.982856,42.63342,-72.22925,20.304,ok,37.1,6.0,0
10-25:0178,10-25,44.281189,-69.008645,44.211444,-69.274354,22.541,ok,0.3,0.2,0
10-25:0179,10-25,42.548277,-72.396841,42.587357,-72.574898,15.215,ok,20.4,0.0,0
10-25:0180,10-25,44.261469,-70.50099,44.45451,-70.598954,22.834,ok,3.5,1.1,0
10-25:0181,10-25,41.9376,-71.167548,42.037879,-70.921709,23.177,ok,221.3,21.9,0
10-25:0182,10-25,43.523127,-72.324813,43.495073,-72.033419,23.706,ok,28.3,35.2,0
10-25:0183,10-25,42.982578,-73.206497,42.765946,-73.236064,24.209,ok,29.9,10.1,0
10-25:0184,10-25,42.286201,-72.616201,42.212516,-72.345301,23.755,ok,1.4,10.9,0
10-25:0185,10-25,41.948711,-71.225884,42.133432,-71.282833,21.072,ok,26.5,14.4,0
10-25:0186,10-25,43.541463,-71.899805,43.372652,-72.04235,22.016,ok,75.4,2.8,0
10-25:0187,10-25,41.990955,-70.862022,42.093157,-70.792541,12.731,ok,4.8,42.9,0
10-25:0188,10-25,42.359864,-71.059524,42.262322,-70.961992,13.489,ok,28.4,8.8,0
10-25:0189,10-25,41.737603,-70.895317,41.733439,-70.620309,22.824,ok,36.5,7.3,0
10-25:0190,10-25,42.436208,-70.932826,42.604621,-70.887351,19.094,ok,3.9,14.2,0
10-25:0191,10-25,42.088989,-71.064769,41.988158,-70.802539,24.386,ok,31.0,1.5,0
10-25:0192,10-25,41.648442,-70.481138,41.705666,-70.228631,21.915,ok,9.6,1.8,0
10-25:0193,10-25,42.323455,-71.163944,42.260866,-70.896445,23.077,ok,0.6,44.1,0
10-25:0194,10-25,42.481478,-72.128691,42.635364,-72.262028,20.299,ok,18.5,20.8,0
10-25:0195,10-25,42.283421,-73.063436,42.410266,-72.936187,17.558,ok,11.3,21.2,0
10-25:0196,10-25,42.171487,-71.35228,42.228887,-71.519644,15.192,ok,71.5,12.2,0
10-25:0197,10-25,42.995358,-72.390087,42.930637,-72.148694,20.919,ok,76.0,122.9,0
10-25:0198,10-25,41.84169,-70.86092,41.907048,-70.641145,19.594,ok,10.5,27.4,0
10-25:0199,10-25,43.730077,-71.156179,43.553931,-71.030486,22.044,ok,29.6,7.8,0
10-25:0200,10-25,42.350066,-73.304864,42.194091,-73.092737,24.606,ok,407.6,23.9,0
10-25:0201,10-25,42.018707,-72.747872,41.929264,-72.618145,14.626,ok,0.3,7.2,0
10-25:0202,10-25,42.091767,-70.966155,42.21872,-71.188134,23.111,ok,8.5,5.9,0
10-25:0203,10-25,41.308214,-72.925052,41.367042,-72.71704,18.558,ok,40.3,133.1,0
10-25:0204,10-25,42.73481,-71.658127,42.757311,-71.508122,12.502,ok,32.6,4.8,0
10-25:0205,10-25,41.741774,-70.41197,41.850105,-70.545308,16.349,ok,32.1,90.1,0
10-25:0206,10-25,43.407528,-72.128547,43.600072,-72.170366,21.674,ok,9.0,96.0,0
10-25:0207,10-25,42.062041,-71.670345,42.243722,-71.796939,22.738,ok,17.0,9.6,0
10-25:0208,10-25,42.127435,-71.009601,42.145902,-71.253876,20.246,ok,2.7,17.4,0
10-25:0209,10-25,41.241208,-73.107331,41.276208,-72.868434,20.345,ok,31.0,13.3,0
10-25:0210,10-25,42.676209,-72.187871,42.805917,-72.164249,14.551,ok,30.9,158.1,0
10-25:0211,10-25,42.240374,-71.406449,42.126487,-71.309778,14.96,ok,2.9,48.5,0
10-25:0212,10-25,42.570925,-71.375895,42.482751,-71.514273,14.99,ok,19.0,9.1,0
10-25:0213,10-25,42.41398,-71.898129,42.283426,-71.849517,15.057,ok,12.6,13.0,0
10-25:0214,10-25,42.817031,-71.60507,42.712867,-71.548679,12.464,ok,11.7,3.8,0
10-25:0215,10-25,42.59592,-72.359808,42.549248,-72.133036,19.281,ok,8.5,16.1,0
10-25:0216,10-25,42.255655,-70.961992,42.42315,-71.091463,21.45,ok,8.1,16.1,0
10-25:0217,10-25,43.461126,-71.551996,43.569202,-71.335959,21.164,ok,55.4,17.2,0
10-25:0218,10-25,44.415056,-72.421495,44.452307,-72.256758,13.72,ok,7.5,9.9,0
10-25:0219,10-25,42.37759,-72.549532,42.301479,-72.673147,13.223,ok,1.3,59.9,0
10-25:0220,10-25,42.993969,-72.19564,43.167299,-72.219808,19.373,ok,37.5,15.5,0
10-25:0221,10-25,44.783516,-71.579213,44.60067,-71.407624,24.441,ok,13.6,5.5,0
10-25:0222,10-25,41.394358,-73.07417,41.252874,-73.297339,24.389,ok,10.5,6.6,0
10-25:0223,10-25,41.541486,-73.089276,41.511486,-72.918436,14.608,ok,15.7,10.9,0
10-25:0224,10-25,42.182038,-72.505642,42.035928,-72.712037,23.534,ok,2.5,6.4,0
10-25:0225,10-25,43.464618,-72.368905,43.648835,-72.319363,20.869,ok,8.5,2.5,0
10-25:0226,10-25,42.209267,-70.907823,42.351535,-71.068465,20.613,ok,27.0,5.5,0
10-25:0227,10-25,42.365735,-71.056351,42.255655,-70.961992,14.492,ok,1.1,8.1,0
10-25:0228,10-25,41.814265,-72.221189,41.993378,-72.259461,20.167,ok,7.9,8.2,0
10-25:0229,10-25,43.576476,-72.225709,43.372758,-72.33825,24.405,ok,1.3,14.5,0
10-25:0230,10-25,41.463983,-73.459289,41.313989,-73.350733,18.979,ok,17.0,7.6,0
10-25:0231,10-25,42.456432,-71.064182,42.24819,-71.173442,24.835,ok,24.3,2.2,0
10-25:0232,10-25,43.860897,-73.067891,43.693192,-73.13826,19.485,ok,12.8,7.0,0
10-25:0233,10-25,45.01201,-68.466413,44.857123,-68.326192,20.456,ok,7.4,5.7,0
10-25:0234,10-25,42.182038,-72.505642,42.130649,-72.637035,12.246,ok,2.5,32.6,0
10-25:0235,10-25,42.688981,-70.980054,42.581482,-71.237002,24.181,ok,123.7,13.6,0
10-25:0236,10-25,41.819408,-71.376257,41.909822,-71.300886,11.833,ok,22.2,12.9,0
10-25:0237,10-25,41.746771,-70.709757,41.741774,-70.441137,22.293,ok,11.6,28.8,0
10-25:0238,10-25,41.920375,-72.176188,41.786185,-72.277782,17.13,ok,14.8,13.0,0
10-25:0239,10-25,42.305655,-70.887546,42.258899,-71.042399,13.759,ok,8.8,15.7,0
10-25:0240,10-25,42.21676,-71.845905,42.311472,-71.927477,12.489,ok,21.5,4.1,0
10-25:0241,10-25,41.996206,-72.979549,41.875915,-72.801221,19.912,ok,12.2,15.8,0
10-25:0242,10-25,41.148708,-73.270393,41.185374,-73.534013,22.44,ok,12.1,4.0,0
10-25:0243,10-25,42.339814,-71.850906,42.197316,-71.942574,17.549,ok,37.2,88.2,0
10-25:0244,10-25,42.657211,-70.617749,42.636205,-70.843105,18.579,ok,4.4,0.5,0
10-25:0245,10-25,41.517598,-72.254247,41.609055,-72.14619,13.574,ok,0.5,11.8,0
10-25:0246,10-25,41.987603,-70.700315,42.14399,-70.867543,22.203,ok,14.2,25.7,0
10-25:0247,10-25,42.319601,-71.642241,42.191382,-71.760393,17.258,ok,11.7,4.2,0
10-25:0248,10-25,42.558423,-71.845352,42.481203,-71.687014,15.56,ok,29.6,17.6,0
10-25:0249,10-25,41.954541,-72.045353,41.993147,-72.277094,19.633,ok,12.3,10.6,0
25-50:0000,25-50,42.059822,-71.066158,42.122319,-71.474506,34.404,ok,1.4,38.3,1
25-50:0001,25-50,44.903772,-72.405858,44.981771,-72.915614,41.047,ok,7.9,6.3,1
25-50:0002,25-50,41.241208,-73.107331,41.501208,-73.065386,29.122,ok,31.0,20.6,1
25-50:0003,25-50,42.068426,-73.159554,41.944541,-72.602311,48.059,ok,45.1,23.6,1
25-50:0004,25-50,42.737587,-71.871188,42.545921,-72.318973,42.376,ok,11.0,1.4,1
25-50:0005,25-50,43.653209,-72.955062,43.827289,-72.566488,36.731,ok,6.3,13.5,1
25-50:0006,25-50,42.023155,-71.177272,42.259961,-71.46426,35.401,ok,6.6,12.9,1
25-50:0007,25-50,43.052579,-72.333142,42.726472,-72.464255,37.802,ok,20.4,6.3,1
25-50:0008,25-50,44.237555,-73.144011,44.148636,-72.656968,40.069,ok,34.0,19.9,1
25-50:0009,25-50,42.748142,-71.854243,42.955636,-72.206195,36.817,ok,27.8,56.5,1
25-50:0010,25-50,42.275093,-71.741181,42.345924,-72.160635,35.379,ok,21.5,7.3,1
25-50:0011,25-50,44.127028,-70.892029,43.730077,-71.156179,48.946,ok,13.9,29.6,1
25-50:0012,25-50,42.441152,-71.069018,42.76398,-71.049501,35.932,ok,19.6,0.9,1
25-50:0013,25-50,42.402035,-71.993131,42.212863,-72.192649,26.677,ok,66.1,40.3,1
25-50:0014,25-50,42.259961,-71.46426,42.016767,-71.038378,44.321,ok,12.9,2.9,1
25-50:0015,25-50,42.595089,-71.724481,42.610648,-71.234225,40.163,ok,7.2,8.1,0
25-50:0016,25-50,42.087597,-71.641177,42.294539,-71.505619,25.578,ok,16.2,2.3,0
25-50:0017,25-50,42.87453,-71.745908,43.266744,-71.77869,43.694,ok,14.0,24.4,0
25-50:0018,25-50,41.488026,-71.994161,41.286209,-72.205356,28.531,ok,12.9,40.2,0
25-50:0019,25-50,43.137577,-72.248975,43.170079,-71.843135,33.119,ok,6.7,8.5,0
25-50:0020,25-50,42.550119,-72.267701,42.374532,-72.818983,49.257,ok,51.2,10.6,0
25-50:0021,25-50,43.269407,-71.958801,42.995358,-72.390087,46.405,ok,8.4,76.0,0
25-50:0022,25-50,41.258079,-72.891395,41.5812,-72.702178,39.241,ok,15.8,9.4,0
25-50:0023,25-50,44.390335,-72.332603,44.56155,-72.598296,28.405,ok,28.4,8.4,0
25-50:0024,25-50,42.439925,-72.634908,42.064906,-72.51293,42.892,ok,1.1,5.4,0
25-50:0025,25-50,43.654024,-70.262999,43.917005,-69.801519,47.196,ok,5.6,2.9,0
25-50:0026,25-50,42.108438,-72.080777,42.311472,-71.927477,25.867,ok,6.8,4.1,0
25-50:0027,25-50,42.240374,-71.406449,42.269034,-71.781481,31.03,ok,2.9,20.3,0
25-50:0028,25-50,42.562186,-73.161596,42.804097,-72.973943,30.965,ok,8.2,11.8,0
25-50:0029,25-50,41.96176,-73.333451,41.909107,-72.763643,47.495,ok,11.3,116.0,0
25-50:0030,25-50,42.536204,-71.30367,42.469924,-70.917151,32.532,ok,14.6,6.8,0
25-50:0031,25-50,41.808431,-72.249523,41.841253,-71.876934,31.088,ok,14.1,21.5,0
25-50:0032,25-50,42.054267,-71.020323,42.320929,-71.364226,41.013,ok,36.6,17.1,0
25-50:0033,25-50,41.986827,-72.541549,41.580932,-72.401196,46.61,ok,14.8,28.5,0
25-50:0034,25-50,41.465939,-73.387592,41.247921,-73.102037,33.996,ok,8.5,27.4,0
25-50:0035,25-50,42.421655,-71.590461,42.371353,-71.038928,45.634,ok,512.8,2.1,0
25-50:0036,25-50,43.888129,-71.175348,43.608521,-71.445411,37.911,ok,29.7,69.2,0
25-50:0037,25-50,43.077916,-71.277237,42.888696,-71.734241,42.716,ok,28.7,36.3,0
25-50:0038,25-50,42.168143,-70.958116,42.033433,-71.218941,26.219,ok,7.8,28.9,0
25-50:0039,25-50,41.519821,-71.76118,41.81399,-71.311996,49.619,ok,6.9,42.2,0
25-50:0040,25-50,43.972287,-72.746775,44.023801,-72.289822,36.998,ok,108.1,12.8,0
25-50:0041,25-50,44.713105,-72.837909,44.659767,-73.319576,38.538,ok,27.9,13.8,0
25-50:0042,25-50,46.681222,-68.015458,46.256994,-68.158083,48.42,ok,0.2,1537.9,0
25-50:0043,25-50,42.170932,-71.210609,42.233514,-71.707935,41.552,ok,56.1,13.4,0
25-50:0044,25-50,43.820303,-72.521259,43.382615,-72.638339,49.573,ok,14.8,9.6,0
25-50:0045,25-50,42.385044,-72.097471,42.0451,-71.89828,41.206,ok,18.9,10.7,0
25-50:0046,25-50,42.525087,-72.607867,42.637586,-72.248139,31.999,ok,28.4,5.3,0
25-50:0047,25-50,41.502877,-72.450087,41.488026,-71.994161,38.008,ok,8.9,12.9,0
25-50:0048,25-50,43.623457,-73.231263,43.67433,-72.778445,36.87,ok,3.5,5.7,0
25-50:0049,25-50,42.183429,-71.537842,42.250991,-71.003737,44.621,ok,46.8,76.7,0
25-50:0050,25-50,41.527866,-73.128309,41.878834,-72.979617,40.932,ok,25.8,14.0,0
25-50:0051,25-50,41.408544,-73.437032,41.026486,-73.62846,45.4,ok,10.3,9.0,0
25-50:0052,25-50,44.359896,-71.80214,44.170896,-72.099815,31.678,ok,7.0,1.6,0
25-50:0053,25-50,43.020445,-71.600257,43.289521,-71.854803,36.353,ok,0.2,0.7,0
25-50:0054,25-50,42.213988,-71.191164,42.527871,-71.280058,35.658,ok,29.8,157.5,0
25-50:0055,25-50,41.469819,-73.033163,41.168152,-73.416231,46.353,ok,24.6,22.1,0
25-50:0056,25-50,42.122319,-71.474506,41.969975,-71.697789,25.038,ok,38.3,146.6,0
25-50:0057,25-50,44.341724,-72.565944,44.148641,-72.402468,25.11,ok,15.7,7.1,0
25-50:0058,25-50,42.75092,-71.82702,42.402035,-71.993131,41.11,ok,1.9,66.1,0
25-50:0059,25-50,42.674585,-71.481899,42.373473,-71.118943,44.786,ok,17.0,16.5,0
25-50:0060,25-50,43.540648,-70.847427,43.594799,-71.418961,46.439,ok,25.3,13.4,0
25-50:0061,25-50,41.590375,-73.050941,41.258079,-72.891395,39.271,ok,62.7,15.8,0
25-50:0062,25-50,41.970374,-72.566755,41.796765,-72.046742,47.179,ok,29.3,1.7,0
25-50:0063,25-50,42.31949,-71.183345,42.243948,-70.82878,30.354,ok,1.4,11.5,0
25-50:0064,25-50,42.907584,-71.766464,42.575091,-71.841314,37.473,ok,22.9,29.8,0
25-50:0065,25-50,41.984819,-72.515642,41.631836,-72.459963,39.52,ok,8.5,16.2,0
25-50:0066,25-50,41.824538,-73.505124,41.468909,-73.472694,39.636,ok,14.8,6.6,0
25-50:0067,25-50,41.795447,-71.067728,42.113991,-70.674482,48.084,ok,9.1,0.7,0
25-50:0068,25-50,41.878953,-71.38212,42.300627,-71.435113,47.091,ok,35.2,10.0,0
25-50:0069,25-50,42.421246,-71.68741,42.597865,-72.050912,35.686,ok,0.1,8.5,0
25-50:0070,25-50,42.352501,-71.064672,42.095931,-71.437004,41.879,ok,12.3,89.9,0
25-50:0071,25-50,41.88732,-71.962018,41.621849,-72.331666,42.563,ok,4.6,11.2,0
25-50:0072,25-50,43.695667,-71.630859,43.547852,-71.89036,26.58,ok,7.5,31.7,0
25-50:0073,25-50,41.645654,-71.847571,41.432557,-71.457984,40.161,ok,5.5,30.6,0
25-50:0074,25-50,41.968431,-71.894794,41.70613,-71.522145,42.471,ok,22.5,8.5,0
25-50:0075,25-50,41.790381,-70.770314,42.016767,-71.020322,32.585,ok,3.0,11.4,0
25-50:0076,25-50,47.355108,-68.320987,46.986154,-68.031693,46.49,ok,2.1,63.5,0
25-50:0077,25-50,41.83524,-72.556271,42.041804,-72.700151,25.869,ok,23.0,17.4,0
25-50:0078,25-50,43.63658,-72.793271,43.900899,-72.655937,31.392,ok,7.8,20.4,0
25-50:0079,25-50,42.407094,-71.52525,42.171487,-71.35228,29.813,ok,3.9,71.5,0
25-50:0080,25-50,43.73098,-71.588014,43.3148,-71.720633,47.496,ok,33.3,33.1,0
25-50:0081,25-50,42.216319,-72.102802,41.948433,-71.974147,31.623,ok,11.5,12.3,0
25-50:0082,25-50,42.269811,-71.825298,42.012319,-71.890072,29.126,ok,11.1,25.0,0
25-50:0083,25-50,42.248705,-71.741181,42.06954,-72.012019,29.921,ok,16.4,46.8,0
25-50:0084,25-50,42.890083,-71.953968,43.250354,-72.227587,45.813,ok,16.6,7.0,0
25-50:0085,25-50,42.236204,-71.853683,42.641753,-72.112025,49.83,ok,26.5,75.8,0
25-50:0086,25-50,43.417302,-71.29729,43.635911,-71.202846,25.473,ok,62.1,17.8,0
25-50:0087,25-50,43.227859,-71.360345,42.95564,-71.620981,36.934,ok,22.0,10.4,0
25-50:0088,25-50,41.207597,-73.105664,41.53698,-72.861593,41.907,ok,67.3,87.5,0
25-50:0089,25-50,42.370098,-71.113062,42.06399,-70.862542,39.802,ok,4.4,44.5,0
25-50:0090,25-50,44.063954,-72.222316,43.900899,-72.655937,39.146,ok,11.5,20.4,0
25-50:0091,25-50,43.301093,-72.14867,42.917583,-71.916468,46.625,ok,11.4,13.1,0
25-50:0092,25-50,44.417842,-71.824385,44.351315,-72.353508,42.693,ok,7.9,7.7,0
25-50:0093,25-50,41.67121,-72.867045,41.800652,-73.121221,25.534,ok,6.1,2.9,0
25-50:0094,25-50,41.459833,-70.655585,41.741774,-70.441137,36.067,snap_far,6188.1,28.8,0
25-50:0095,25-50,42.173705,-71.878683,41.770099,-72.136188,49.672,ok,9.9,8.3,0
25-50:0096,25-50,41.453622,-70.568434,41.789825,-70.760314,40.644,snap_far,9976.3,1.2,0
25-50:0097,25-50,42.40859,-71.0542,42.691759,-70.980054,32.068,ok,4.7,22.6,0
25-50:0098,25-50,42.309815,-71.785627,42.145927,-72.303692,46.386,ok,3.4,43.8,0
25-50:0099,25-50,43.208205,-72.780416,42.793558,-72.742287,46.211,ok,6.9,11.2,0
25-50:0100,25-50,44.115064,-72.311764,43.702354,-72.289216,45.927,ok,59.6,7.9,0
25-50:0101,25-50,41.741769,-71.128656,41.826492,-70.736981,33.814,ok,4.0,24.7,0
25-50:0102,25-50,44.178078,-71.943177,44.449781,-72.223334,37.545,ok,6.9,12.9,0
25-50:0103,25-50,42.794512,-72.185935,43.098692,-71.761188,48.365,ok,147.2,46.3,0
25-50:0104,25-50,43.099529,-71.005894,43.425033,-71.413991,49.011,ok,10.0,18.6,0
25-50:0105,25-50,43.987566,-72.368986,43.802572,-71.97096,37.951,ok,25.5,3.1,0
25-50:0106,25-50,42.373473,-71.118943,42.041767,-71.057824,37.226,ok,16.5,43.8,0
25-50:0107,25-50,42.087597,-71.641177,42.370925,-71.850628,35.916,ok,16.2,59.9,0
25-50:0108,25-50,41.941801,-72.727502,41.765932,-72.23369,45.334,ok,10.5,3.3,0
25-50:0109,25-50,43.041746,-72.154251,43.290781,-72.523792,40.805,ok,10.0,9.4,0
25-50:0110,25-50,42.263981,-72.273136,42.666753,-72.012023,49.644,ok,12.5,2.4,0
25-50:0111,25-50,41.571499,-70.475305,41.354287,-70.020292,44.955,snap_far,68.4,33816.7,0
25-50:0112,25-50,41.463983,-73.459289,41.146763,-73.494845,35.398,ok,17.0,10.2,0
25-50:0113,25-50,42.040377,-71.331445,42.10899,-70.866987,39.087,ok,171.8,35.8,0
25-50:0114,25-50,41.606208,-73.118166,41.956373,-72.842596,45.146,ok,12.1,19.2,0
25-50:0115,25-50,42.521444,-70.895674,42.221219,-70.939162,33.574,ok,0.0,72.7,0
25-50:0116,25-50,41.694865,-73.111041,41.88232,-72.654814,43.188,ok,12.9,68.0,0
25-50:0117,25-50,43.983463,-71.893627,44.189784,-71.713845,27.065,ok,7.2,14.1,0
25-50:0118,25-50,44.41086,-71.888973,44.703554,-72.338406,48.242,ok,10.0,7.3,0
25-50:0119,25-50,44.532738,-69.443207,44.297566,-69.107345,37.355,ok,96.5,0.0,0
25-50:0120,25-50,42.25993,-72.239781,41.880866,-72.303833,42.48,ok,16.3,20.0,0
25-50:0121,25-50,42.573707,-70.7106,42.454263,-71.068941,32.234,ok,4.7,2.6,0
25-50:0122,25-50,41.699272,-71.458611,41.544549,-71.009206,41.127,ok,39.5,1.7,0
25-50:0123,25-50,43.567087,-71.333062,43.351743,-71.790357,43.996,ok,181.8,12.9,0
25-50:0124,25-50,41.602407,-71.250316,41.69121,-71.745902,42.346,ok,32.8,21.2,0
25-50:0125,25-50,42.330031,-71.194877,42.559818,-70.824492,39.705,ok,2.3,3.8,0
25-50:0126,25-50,41.663706,-73.422066,41.257961,-73.428342,45.12,ok,2.6,22.1,0
25-50:0127,25-50,41.907048,-70.641145,41.864596,-71.125768,40.395,ok,27.4,14.5,0
25-50:0128,25-50,42.448146,-71.924519,42.200097,-71.424505,49.503,ok,23.6,8.2,0
25-50:0129,25-50,42.526484,-70.905049,42.223708,-71.355058,50.0,ok,28.4,29.8,0
25-50:0130,25-50,41.893158,-70.911152,41.718158,-71.203658,31.088,ok,13.8,17.3,0
25-50:0131,25-50,41.697878,-72.723706,41.49093,-73.067053,36.671,ok,6.5,13.4,0
25-50:0132,25-50,43.92229,-72.316761,43.771176,-71.762077,47.55,ok,14.6,56.5,0
25-50:0133,25-50,44.933893,-72.651969,44.631627,-72.285062,44.365,ok,4.3,7.8,0
25-50:0134,25-50,42.196767,-70.926434,41.824397,-70.82749,42.205,ok,46.1,19.9,0
25-50:0135,25-50,42.615369,-71.341172,42.309451,-71.220526,35.427,ok,43.9,0.8,0
25-50:0136,25-50,41.937704,-72.527028,41.845098,-72.900101,32.553,ok,11.3,10.9,0
25-50:0137,25-50,43.824791,-72.285925,44.105836,-72.432614,33.383,ok,25.5,9.0,0
25-50:0138,25-50,42.877617,-71.949383,42.612587,-72.237028,37.686,ok,10.3,69.9,0
25-50:0139,25-50,42.909248,-72.25564,42.698141,-72.084803,27.3,ok,15.5,0.9,0
25-50:0140,25-50,42.724563,-70.991968,42.463775,-70.944038,29.263,ok,12.3,8.1,0
25-50:0141,25-50,42.67728,-71.740416,42.354851,-72.043466,43.616,ok,4.5,16.1,0
25-50:0142,25-50,41.271486,-72.845655,41.531211,-72.659785,32.778,ok,1.7,24.5,0
25-50:0143,25-50,42.297309,-73.22455,42.392627,-72.730247,41.984,ok,12.9,1.6,0
25-50:0144,25-50,42.309815,-71.785627,42.52509,-71.877297,25.092,ok,3.4,3.4,0
25-50:0145,25-50,42.546483,-71.173667,42.163434,-70.86171,49.712,ok,4.0,1.7,0
25-50:0146,25-50,42.437792,-72.682093,42.754527,-72.468977,39.303,ok,31.8,42.1,0
25-50:0147,25-50,42.374653,-70.982581,42.20149,-70.783376,25.284,ok,2.2,7.7,0
25-50:0148,25-50,42.137043,-71.287,42.225094,-71.813405,44.466,ok,16.2,3.1,0
25-50:0149,25-50,41.747319,-73.188724,41.421764,-72.99705,39.555,ok,18.4,1.4,0
25-50:0150,25-50,42.491759,-71.617568,42.501842,-71.074853,44.509,ok,6.9,8.7,0
25-50:0151,25-50,41.93677,-70.745316,41.911212,-71.13838,32.643,ok,380.8,86.0,0
25-50:0152,25-50,44.081736,-71.243683,43.810048,-71.664731,45.265,ok,11.2,21.1,0
25-50:0153,25-50,42.639084,-70.950747,42.245933,-70.982825,43.796,ok,1.3,12.7,0
25-50:0154,25-50,41.522597,-72.886491,41.899957,-73.134837,46.751,ok,10.2,19.1,0
25-50:0155,25-50,41.182875,-73.093719,41.491062,-72.929202,36.919,ok,8.8,68.7,0
25-50:0156,25-50,42.021367,-72.631152,41.857874,-73.129277,45.034,ok,60.6,9.0,0
25-50:0157,25-50,43.592466,-72.958832,44.017008,-72.759554,49.842,ok,6.6,28.6,0
25-50:0158,25-50,43.356231,-72.315471,43.351743,-71.790357,42.46,ok,6.7,12.9,0
25-50:0159,25-50,42.915558,-72.247351,43.112302,-71.944248,32.953,ok,15.4,2.8,0
25-50:0160,25-50,42.302866,-72.905098,42.611197,-72.546755,45.163,ok,44.8,24.1,0
25-50:0161,25-50,42.587357,-72.574898,42.309811,-72.714814,32.928,ok,0.0,59.1,0
25-50:0162,25-50,44.384147,-72.937165,44.158118,-72.45038,46.194,ok,37.6,5.6,0
25-50:0163,25-50,41.857655,-70.553365,42.071491,-70.720316,27.494,ok,62.3,7.6,0
25-50:0164,25-50,42.936606,-72.571686,43.308408,-72.387033,43.975,ok,4.8,2.1,0
25-50:0165,25-50,43.458969,-71.132011,43.443826,-71.481368,28.251,ok,53.0,9.0,0
25-50:0166,25-50,41.88632,-72.74635,41.993147,-72.277094,40.59,ok,0.9,10.6,0
25-50:0167,25-50,41.675999,-73.355247,41.661188,-72.779559,47.847,ok,12.5,1.8,0
25-50:0168,25-50,42.111557,-73.139966,41.782876,-72.892323,41.895,ok,12.4,13.8,0
25-50:0169,25-50,42.99564,-71.454789,43.315187,-71.621246,38.011,ok,2.5,39.3,0
25-50:0170,25-50,42.395927,-71.453674,42.061208,-71.710068,42.789,ok,3.3,36.9,0
25-50:0171,25-50,42.208818,-70.819329,42.58065,-70.84116,41.385,ok,17.7,35.1,0
25-50:0172,25-50,42.978698,-71.072837,42.672035,-71.38423,42.517,ok,12.4,6.6,0
25-50:0173,25-50,43.36508,-71.402015,43.414026,-71.985168,47.435,ok,21.4,6.0,0
25-50:0174,25-50,43.576476,-72.225709,43.745849,-72.543892,31.778,ok,1.3,4.8,0
25-50:0175,25-50,41.430377,-72.559535,41.530097,-73.01344,39.405,ok,52.9,15.3,0
25-50:0176,25-50,41.857655,-70.553365,42.033436,-70.095303,42.629,ok,62.3,17.7,0
25-50:0177,25-50,41.601493,-70.961983,41.997945,-71.245439,49.954,ok,19.9,0.0,0
25-50:0178,25-50,42.365735,-71.056351,42.595929,-70.686989,39.657,ok,1.1,18.0,0
25-50:0179,25-50,43.70636,-73.02775,43.447849,-72.852045,32.041,ok,10.3,23.3,0
25-50:0180,25-50,42.057047,-70.114748,41.806772,-70.535585,44.569,ok,2.8,25.2,0
25-50:0181,25-50,41.837873,-73.270394,41.518153,-72.880102,48.11,ok,95.2,18.3,0
25-50:0182,25-50,41.141208,-73.263726,41.298429,-73.478734,25.08,ok,3.5,27.7,0
25-50:0183,25-50,41.441765,-72.078688,41.543432,-72.560646,41.704,ok,13.6,1035.7,0
25-50:0184,25-50,41.566221,-70.511695,41.644548,-70.95365,37.764,ok,32.6,46.1,0
25-50:0185,25-50,42.36398,-71.880907,42.25993,-72.239781,31.696,ok,11.8,16.3,0
25-50:0186,25-50,42.687591,-71.166169,42.299821,-70.92838,47.321,ok,12.1,637.7,0
25-50:0187,25-50,42.800644,-71.304229,42.594662,-70.998147,33.916,ok,27.4,8.5,0
25-50:0188,25-50,42.658428,-70.677268,43.076999,-70.757748,47.003,ok,62.9,0.2,0
25-50:0189,25-50,41.901926,-71.093148,42.10899,-70.866987,29.654,ok,28.7,35.8,0
25-50:0190,25-50,41.442596,-73.258449,41.212875,-73.095386,28.946,ok,23.0,30.6,0
25-50:0191,25-50,42.395927,-71.523398,42.586205,-70.974496,49.731,ok,61.9,186.6,0
25-50:0192,25-50,42.131013,-71.127533,41.911214,-70.768649,38.422,ok,2.7,8.1,0
25-50:0193,25-50,42.212594,-71.806738,41.831488,-71.750625,42.63,ok,20.5,11.3,0
25-50:0194,25-50,43.002025,-72.433421,43.297852,-72.604815,35.712,ok,9.5,15.4,0
25-50:0195,25-50,41.843434,-71.195325,41.955658,-70.738371,39.825,ok,6.2,28.6,0
25-50:0196,25-50,41.926492,-70.721426,41.595937,-71.06282,46.398,ok,113.9,225.7,0
25-50:0197,25-50,43.59552,-71.272253,43.524655,-71.701584,35.481,ok,67.9,11.3,0
25-50:0198,25-50,41.320947,-70.769751,41.554276,-70.550029,31.759,snap_far,23632.6,7.7,0
25-50:0199,25-50,42.068713,-70.750873,42.459818,-70.978661,47.357,ok,17.7,6.5,0
25-50:0200,25-50,41.359741,-72.638105,41.756015,-72.664193,44.117,ok,46.0,34.9,0
25-50:0201,25-50,41.938431,-71.820626,41.978687,-71.275133,45.327,ok,36.0,111.0,0
25-50:0202,25-50,42.615358,-71.215563,42.364892,-71.058983,30.667,ok,13.2,0.0,0
25-50:0203,25-50,42.504817,-71.195611,42.237894,-71.562301,42.289,ok,15.6,10.5,0
25-50:0204,25-50,42.239784,-71.370142,42.069545,-70.963377,38.505,ok,0.2,20.6,0
25-50:0205,25-50,41.748157,-71.189768,41.741771,-70.649477,44.831,ok,64.8,1.2,0
25-50:0206,25-50,43.396184,-72.369256,43.498684,-72.057864,27.601,ok,5.4,2.6,0
25-50:0207,25-50,42.122434,-73.230894,42.397309,-72.935654,39.045,ok,4.7,34.9,0
25-50:0208,25-50,42.104268,-70.798097,41.702409,-70.766087,44.763,ok,12.0,2.7,0
25-50:0209,25-50,41.698206,-71.970982,41.765203,-71.390594,48.734,ok,20.7,7.8,0
25-50:0210,25-50,42.181204,-72.314804,42.339814,-71.850906,42.053,ok,11.1,37.2,0
25-50:0211,25-50,41.522319,-72.935659,41.824542,-72.893712,33.786,ok,10.3,2.0,0
25-50:0212,25-50,42.311472,-71.927477,42.202871,-72.317026,34.258,ok,4.1,1.1,0
25-50:0213,25-50,43.441192,-70.984786,43.257581,-71.372568,37.417,ok,13.9,12.1,0
25-50:0214,25-50,41.719822,-72.832043,41.494907,-72.466937,39.331,ok,12.6,32.3,0
25-50:0215,25-50,42.262322,-70.961992,41.9376,-71.167548,39.892,ok,8.8,221.3,0
25-50:0216,25-50,41.808434,-71.336997,41.797325,-70.845316,40.774,ok,47.0,316.8,0
25-50:0217,25-50,42.220596,-71.004123,42.395927,-71.453674,41.794,ok,13.7,3.3,0
25-50:0218,25-50,42.07788,-70.649481,42.038433,-71.094492,37.0,ok,64.5,21.6,0
25-50:0219,25-50,42.666753,-72.012023,42.933932,-72.239947,35.049,ok,2.4,11.9,0
25-50:0220,25-50,43.957453,-69.509244,43.822151,-70.011889,42.998,ok,1.3,860.9,0
25-50:0221,25-50,44.189784,-71.713845,43.867682,-71.397694,43.837,ok,14.1,10.8,0
25-50:0222,25-50,43.116096,-72.197522,43.455813,-72.537212,46.722,ok,12.3,4.5,0
25-50:0223,25-50,43.557618,-71.314866,43.648707,-70.849305,38.831,ok,26.3,16.7,0
25-50:0224,25-50,42.102879,-70.823097,42.465479,-70.94321,41.512,ok,22.3,4.4,0
25-50:0225,25-50,42.222879,-70.749486,42.595929,-70.686989,41.797,ok,43.8,18.0,0
25-50:0226,25-50,42.767309,-71.812298,42.559255,-72.081468,31.931,ok,12.9,110.5,0
25-50:0227,25-50,41.21232,-73.030105,41.518153,-72.880102,36.238,ok,3.0,18.3,0
25-50:0228,25-50,42.956753,-71.257285,43.243691,-71.572851,40.92,ok,12.7,2.1,0
25-50:0229,25-50,41.424817,-73.455122,41.428152,-73.067608,32.311,ok,136.8,23.4,0
25-50:0230,25-50,41.816765,-72.867322,41.639363,-73.20808,34.479,ok,6.8,19.4,0
25-50:0231,25-50,42.443855,-71.666565,42.528983,-71.191167,40.115,ok,0.8,6.0,0
25-50:0232,25-50,42.243948,-70.82878,41.990379,-70.941986,29.702,ok,11.5,9.2,0
25-50:0233,25-50,43.290781,-72.523792,43.173687,-73.046771,44.324,ok,9.4,3.7,0
25-50:0234,25-50,41.66653,-72.602825,41.824542,-72.893712,29.852,ok,0.6,2.0,0
25-50:0235,25-50,42.904248,-72.515645,43.072857,-72.018415,44.578,ok,9.0,2.8,0
25-50:0236,25-50,43.1523,-72.203419,43.001557,-71.923425,28.251,ok,16.9,9.3,0
25-50:0237,25-50,42.826311,-72.183137,42.824531,-71.660349,42.636,ok,16.1,53.6,0
25-50:0238,25-50,41.9126,-71.259218,42.107046,-70.75504,46.933,ok,49.1,52.8,0
25-50:0239,25-50,42.250143,-71.065573,42.213118,-70.760503,25.452,ok,91.1,72.9,0
25-50:0240,25-50,42.411752,-73.323163,42.660637,-73.241496,28.472,ok,409.4,2.3,0
25-50:0241,25-50,42.105237,-72.621371,42.25993,-72.239781,35.839,ok,1.1,16.3,0
25-50:0242,25-50,43.495073,-72.033419,43.237299,-71.971471,29.097,ok,35.2,26.3,0
25-50:0243,25-50,42.278011,-71.376194,41.952045,-71.146159,40.912,ok,13.2,12.5,0
25-50:0244,25-50,41.988158,-70.802539,42.034821,-71.387002,48.566,ok,1.5,18.6,0
25-50:0245,25-50,41.720936,-71.157823,41.993714,-70.70087,48.499,ok,87.0,22.1,0
25-50:0246,25-50,42.062595,-72.631479,42.397309,-72.935654,44.86,ok,38.8,34.9,0
25-50:0247,25-50,44.551492,-70.086353,44.797751,-69.879783,31.884,ok,20.2,2.7,0
25-50:0248,25-50,42.262599,-70.973936,42.090376,-71.29061,32.368,ok,0.5,13.7,0
25-50:0249,25-50,42.370922,-72.637034,42.672583,-73.013989,45.601,ok,18.9,14.2,0
50-100:0000,50-100,42.37759,-72.549532,42.563978,-71.850074,60.998,ok,1.3,34.0,1
50-100:0001,50-100,41.691774,-70.499472,41.816768,-71.086989,50.679,ok,39.3,244.5,1
50-100:0002,50-100,42.282036,-72.537865,41.693652,-71.809274,88.919,ok,13.9,12.0,1
50-100:0003,50-100,42.111206,-72.148411,41.944263,-72.793707,56.44,ok,14.6,100.1,1
50-100:0004,50-100,41.700435,-70.30022,41.50788,-71.4245,95.899,ok,3.6,0.4,1
50-100:0005,50-100,42.371353,-71.038928,41.897598,-71.962574,92.605,ok,2.1,21.2,1
50-100:0006,50-100,42.830366,-71.22395,43.266746,-71.582851,56.613,ok,2.0,34.2,1
50-100:0007,50-100,42.090096,-71.89785,42.558426,-71.268947,73.383,ok,54.5,24.7,1
50-100:0008,50-100,41.62316,-70.859203,41.172047,-71.557355,76.859,snap_far,33.1,21621.8,0
50-100:0009,50-100,42.4112,-72.622312,43.069246,-72.189529,81.26,ok,19.1,497.1,1
50-100:0010,50-100,41.657319,-73.079831,42.410644,-72.591756,92.96,ok,8.1,25.5,1
50-100:0011,50-100,41.201744,-73.064129,41.737321,-72.37036,82.993,ok,9.3,19.2,1
50-100:0012,50-100,42.311893,-72.207487,41.635099,-72.470364,78.331,ok,17.3,27.9,1
50-100:0013,50-100,42.392627,-72.730247,42.231779,-71.796716,78.817,ok,1.6,12.6,1
50-100:0014,50-100,43.654956,-71.972122,43.78652,-72.754663,64.566,ok,138.4,22.9,1
50-100:0015,50-100,42.177131,-71.681207,41.62677,-71.101988,77.737,ok,7.9,6.7,1
50-100:0016,50-100,41.925104,-70.553642,42.483429,-70.880048,67.654,ok,33.7,14.7,0
50-100:0017,50-100,43.079618,-70.935784,43.274244,-71.793412,72.833,ok,8.1,14.2,0
50-100:0018,50-100,41.682496,-71.451629,41.305049,-72.258848,79.256,ok,25.1,9.5,0
50-100:0019,50-100,43.333543,-71.292455,42.835577,-71.649535,62.505,ok,41.3,23.5,0
50-100:0020,50-100,41.557186,-71.889867,41.990379,-70.941986,92.189,ok,9.3,9.2,0
50-100:0021,50-100,44.04616,-71.16317,43.886092,-70.330359,68.987,ok,54.1,15.3,0
50-100:0022,50-100,42.309451,-71.220526,41.843434,-71.195325,51.86,ok,0.8,6.2,0
50-100:0023,50-100,42.091761,-72.310636,41.507599,-71.716182,81.531,ok,4.5,3.0,0
50-100:0024,50-100,41.454944,-71.539474,42.290371,-71.809238,95.543,ok,271.5,27.2,0
50-100:0025,50-100,42.566762,-70.782825,42.452871,-71.425895,54.211,ok,45.9,279.2,0
50-100:0026,50-100,44.659767,-73.319576,44.218117,-72.24343,98.545,ok,13.8,3.1,0
50-100:0027,50-100,44.905803,-72.976445,44.307281,-72.311211,84.868,ok,10.1,3.8,0
50-100:0028,50-100,42.434799,-71.074879,42.87342,-71.337564,53.294,ok,11.5,27.8,0
50-100:0029,50-100,41.660381,-71.088376,42.263982,-71.770348,87.66,ok,250.5,79.3,0
50-100:0030,50-100,42.04343,-71.824515,42.158435,-70.766708,88.203,ok,36.0,83.8,0
50-100:0031,50-100,41.557186,-71.889867,42.064539,-72.724537,89.263,ok,9.3,53.4,0
50-100:0032,50-100,41.276208,-72.868434,41.986827,-72.541549,83.557,ok,13.3,14.8,0
50-100:0033,50-100,41.633432,-72.163411,41.451213,-71.498669,58.917,ok,9.7,23.3,0
50-100:0034,50-100,42.448485,-71.009878,41.799825,-70.764759,74.907,ok,13.7,4.2,0
50-100:0035,50-100,42.624807,-72.708703,43.257575,-73.007881,74.456,ok,49.7,9.5,0
50-100:0036,50-100,43.09203,-71.007838,42.364365,-71.053953,81.0,ok,35.6,2.5,0
50-100:0037,50-100,44.803889,-68.315214,45.27283,-69.211989,87.658,ok,3.0,3.8,0
50-100:0038,50-100,42.618977,-71.963966,42.138429,-71.639233,59.722,ok,545.3,46.5,0
50-100:0039,50-100,42.528983,-71.191167,42.175095,-71.692568,56.975,ok,6.0,0.1,0
50-100:0040,50-100,42.681753,-72.025079,42.512584,-73.192881,97.422,ok,16.0,9.6,0
50-100:0041,50-100,44.889371,-72.428627,44.447296,-71.796164,70.127,ok,5.2,8.2,0
50-100:0042,50-100,41.986827,-72.541549,41.765203,-71.390594,98.427,ok,14.8,7.8,0
50-100:0043,50-100,43.501895,-71.513325,43.983463,-71.893627,61.65,ok,31.6,7.2,0
50-100:0044,50-100,43.038413,-72.662593,42.433423,-72.102301,81.36,ok,47.2,43.0,0
50-100:0045,50-100,43.415074,-72.187033,42.754695,-72.271889,73.753,ok,2.7,12.6,0
50-100:0046,50-100,43.372758,-72.33825,43.827533,-71.324818,96.003,ok,14.5,50.0,0
50-100:0047,50-100,42.283426,-71.849517,42.625092,-71.263392,61.283,ok,13.0,6.1,0
50-100:0048,50-100,42.066761,-72.693981,42.381366,-71.637264,93.781,ok,26.6,19.8,0
50-100:0049,50-100,41.875795,-72.264276,41.576207,-73.174279,82.54,ok,24.7,59.0,0
50-100:0050,50-100,41.649641,-71.260702,41.348154,-72.127299,79.577,ok,169.1,11.8,0
50-100:0051,50-100,42.878264,-71.214201,43.073402,-71.845093,55.724,ok,48.2,0.3,0
50-100:0052,50-100,42.759389,-70.94799,42.158435,-70.766708,68.458,ok,8.6,83.8,0
50-100:0053,50-100,41.573162,-71.866133,41.602407,-71.250316,51.319,ok,31.4,32.8,0
50-100:0054,50-100,43.894661,-72.576648,43.356231,-72.315471,63.454,ok,7.6,6.7,0
50-100:0055,50-100,41.52343,-73.082053,42.099591,-73.45405,71.098,ok,20.4,5.0,0
50-100:0056,50-100,42.20426,-71.916184,41.658247,-72.364631,71.15,ok,30.4,15.8,0
50-100:0057,50-100,42.981477,-70.947834,43.422025,-71.12451,51.037,ok,14.7,42.1,0
50-100:0058,50-100,42.064539,-72.724537,41.336209,-72.185078,92.545,ok,53.4,3.0,0
50-100:0059,50-100,41.920933,-71.296719,42.330094,-71.629234,53.122,ok,27.6,36.6,0
50-100:0060,50-100,43.149803,-71.629796,42.679273,-70.841158,82.837,ok,2.1,4.4,0
50-100:0061,50-100,42.349309,-72.199278,41.929263,-72.91399,75.195,ok,5.7,32.4,0
50-100:0062,50-100,42.70174,-72.630534,43.41035,-72.489535,79.622,ok,10.9,18.8,0
50-100:0063,50-100,42.42717,-71.066673,43.147579,-71.458043,86.238,ok,11.5,25.7,0
50-100:0064,50-100,42.400921,-72.74537,43.128144,-72.711826,80.91,ok,32.7,7.4,0
50-100:0065,50-100,44.108147,-71.204818,43.335913,-71.401736,87.314,ok,9.1,37.2,0
50-100:0066,50-100,44.189811,-70.140488,44.250488,-70.812507,53.976,ok,1.1,1.4,0
50-100:0067,50-100,42.564403,-72.877557,42.003131,-73.22431,68.62,ok,11.4,25.5,0
50-100:0068,50-100,41.146486,-73.228447,41.805377,-72.817598,80.866,ok,32.6,9.2,0
50-100:0069,50-100,42.579261,-70.957829,42.086949,-71.474644,69.292,ok,19.2,3.6,0
50-100:0070,50-100,41.579329,-71.491727,42.364164,-71.063371,94.181,ok,17.9,3.9,0
50-100:0071,50-100,41.856726,-72.178469,42.535228,-72.532943,80.9,ok,9.6,20.9,0
50-100:0072,50-100,41.902878,-71.218938,42.433423,-72.102301,93.703,ok,44.4,43.0,0
50-100:0073,50-100,44.227525,-69.876854,44.318444,-70.651016,62.461,ok,0.0,10.4,0
50-100:0074,50-100,43.497023,-71.259235,43.301093,-72.14867,75.09,ok,21.9,11.4,0
50-100:0075,50-100,41.936764,-72.659536,41.4136,-73.501025,90.931,ok,7.3,24.0,0
50-100:0076,50-100,42.366763,-71.303113,41.741217,-70.59892,90.656,ok,15.6,15.0,0
50-100:0077,50-100,42.105237,-72.621371,42.672583,-73.013989,70.849,ok,1.1,14.2,0
50-100:0078,50-100,41.830657,-71.027265,41.557186,-71.889867,77.81,ok,12.3,9.3,0
50-100:0079,50-100,42.723703,-70.935609,42.012599,-71.266164,83.604,ok,34.5,19.5,0
50-100:0080,50-100,42.184817,-71.785626,42.358834,-71.05783,62.931,ok,25.6,0.1,0
50-100:0081,50-100,42.740667,-71.131811,41.886211,-71.32172,96.286,ok,4.2,29.3,0
50-100:0082,50-100,42.786507,-72.484155,43.353439,-73.252,88.68,ok,8.4,5.4,0
50-100:0083,50-100,44.952297,-67.660831,45.001178,-68.880592,96.098,ok,97.0,46.9,0
50-100:0084,50-100,42.743162,-71.591333,43.327176,-71.18454,72.871,ok,13.5,24.2,0
50-100:0085,50-100,42.672868,-72.697245,42.145927,-72.303692,66.911,ok,15.5,43.8,0
50-100:0086,50-100,42.589529,-72.993988,43.15591,-73.051771,63.155,ok,11.4,32.9,0
50-100:0087,50-100,43.659055,-73.232097,42.890354,-72.952326,88.426,ok,6.6,16.9,0
50-100:0088,50-100,41.896209,-72.744539,42.102318,-71.887572,74.431,ok,27.7,15.1,0
50-100:0089,50-100,41.866763,-72.958159,41.247319,-73.11122,70.047,ok,14.5,7.3,0
50-100:0090,50-100,41.517598,-72.254247,41.81399,-71.311996,84.925,ok,0.5,42.2,0
50-100:0091,50-100,42.317899,-72.631101,41.544263,-73.102054,94.435,ok,5.5,6.7,0
50-100:0092,50-100,42.109817,-72.353693,42.183423,-73.146773,65.894,ok,58.5,43.8,0
50-100:0093,50-100,43.593238,-73.045983,43.611739,-72.138143,73.129,ok,8.8,137.2,0
50-100:0094,50-100,43.408669,-72.84014,42.752773,-72.709106,73.705,ok,9.9,13.6,0
50-100:0095,50-100,44.405067,-70.000887,45.066443,-70.576735,86.471,ok,14.1,78.9,0
50-100:0096,50-100,42.726202,-71.190892,42.066767,-71.086992,73.821,ok,3.5,0.2,0
50-100:0097,50-100,41.640385,-70.636975,41.955654,-71.70229,95.013,ok,5.4,12.9,0
50-100:0098,50-100,41.954541,-72.045353,42.395927,-71.523398,65.26,ok,12.3,61.9,0
50-100:0099,50-100,45.285516,-68.852005,45.329938,-67.690471,90.969,ok,9.5,3.6,0
50-100:0100,50-100,41.81449,-71.119615,42.240379,-70.761987,55.814,ok,6.0,6.4,0
50-100:0101,50-100,42.782255,-72.523781,42.339531,-73.297052,80.214,ok,8.6,268.1,0
50-100:0102,50-100,42.438857,-73.125151,43.128133,-72.392032,97.23,ok,50.5,18.6,0
50-100:0103,50-100,43.664877,-71.291968,43.3148,-71.720633,52.069,ok,30.6,33.1,0
50-100:0104,50-100,41.831488,-71.750625,42.40843,-71.011995,88.469,ok,11.3,26.2,0
50-100:0105,50-100,41.873708,-72.237023,42.402035,-71.993131,62.094,ok,2.4,66.1,0
50-100:0106,50-100,42.531477,-72.262028,42.849255,-71.215339,92.557,ok,19.0,0.5,0
50-100:0107,50-100,42.278472,-71.853894,41.835932,-72.770374,90.257,ok,11.0,23.7,0
50-100:0108,50-100,42.381366,-71.637264,41.701064,-71.154637,85.503,ok,19.8,7.4,0
50-100:0109,50-100,41.808434,-71.33922,42.389815,-71.599511,68.12,ok,7.5,13.3,0
50-100:0110,50-100,41.550983,-72.412226,42.243604,-71.81678,91.434,ok,19.0,1.8,0
50-100:0111,50-100,42.171487,-71.35228,42.256481,-71.959519,50.895,ok,71.5,6.6,0
50-100:0112,50-100,42.625092,-71.312005,43.337165,-71.565628,81.823,ok,9.9,5.8,0
50-100:0113,50-100,42.330094,-71.629234,41.436211,-71.69451,99.542,ok,36.6,13.3,0
50-100:0114,50-100,42.22942,-72.729626,42.694499,-72.247003,65.129,ok,6.1,13.7,0
50-100:0115,50-100,42.502595,-71.141165,42.404259,-71.770349,52.765,ok,6.1,54.0,0
50-100:0116,50-100,42.880868,-71.326449,42.258427,-71.789793,78.93,ok,8.5,31.0,0
50-100:0117,50-100,41.638689,-70.993354,41.841253,-71.876934,76.693,ok,64.8,21.5,0
50-100:0118,50-100,42.803701,-71.111169,42.382317,-71.418117,53.168,ok,7.5,28.1,0
50-100:0119,50-100,41.863351,-72.162536,42.573421,-72.258139,79.348,ok,9.1,0.5,0
50-100:0120,50-100,42.094541,-71.74757,41.948712,-71.073101,58.027,ok,0.2,2.4,0
50-100:0121,50-100,41.90954,-73.060108,42.701473,-72.664814,93.867,ok,3.0,67.0,0
50-100:0122,50-100,41.29538,-73.146551,41.316252,-72.329619,68.277,ok,27.2,12.4,0
50-100:0123,50-100,42.152872,-72.403695,42.093703,-73.07594,55.831,ok,49.0,8.1,0
50-100:0124,50-100,42.660365,-71.905632,42.916415,-70.864684,89.588,ok,19.6,25.2,0
50-100:0125,50-100,41.691563,-72.535145,41.965654,-71.674511,77.548,ok,9.2,18.0,0
50-100:0126,50-100,41.638992,-71.049486,42.381149,-71.026106,82.547,ok,32.4,20.1,0
50-100:0127,50-100,42.612587,-72.237028,42.878867,-73.196821,83.781,ok,69.9,23.2,0
50-100:0128,50-100,42.558422,-71.997855,42.455652,-71.013384,81.504,ok,45.0,0.9,0
50-100:0129,50-100,44.065614,-73.172897,43.173687,-73.046771,99.696,ok,23.8,3.7,0
50-100:0130,50-100,44.680048,-73.083192,43.969509,-72.688439,85.02,ok,19.8,15.0,0
50-100:0131,50-100,41.944699,-71.283421,42.471051,-71.061158,61.324,ok,1.7,4.5,0
50-100:0132,50-100,43.380913,-71.353958,44.08979,-71.35063,78.824,ok,12.5,220.4,0
50-100:0133,50-100,42.018434,-70.970321,41.571765,-71.875072,89.957,ok,9.0,2.6,0
50-100:0134,50-100,41.64498,-71.45094,42.363206,-71.360672,80.211,ok,13.3,18.0,0
50-100:0135,50-100,44.799345,-72.447494,44.10582,-72.997137,88.602,ok,7.9,7.0,0
50-100:0136,50-100,41.468706,-73.436233,41.258155,-72.509534,80.804,ok,8.4,5.4,0
50-100:0137,50-100,42.117016,-71.864439,42.464284,-70.951695,84.426,ok,0.2,6.6,0
50-100:0138,50-100,41.45482,-72.105633,41.985653,-71.898683,61.474,ok,26.8,15.8,0
50-100:0139,50-100,42.391758,-71.87674,42.359864,-71.059524,67.223,ok,34.6,28.4,0
50-100:0140,50-100,43.249246,-71.619519,42.481203,-71.687014,85.58,ok,21.4,17.6,0
50-100:0141,50-100,43.072857,-72.018415,43.534495,-72.35633,58.16,ok,2.8,4.4,0
50-100:0142,50-100,41.829351,-73.001073,41.266489,-72.500367,75.189,ok,19.4,5.9,0
50-100:0143,50-100,42.395927,-71.453674,42.050097,-71.889794,52.616,ok,3.3,17.6,0
50-100:0144,50-100,42.18343,-71.445339,41.466102,-72.157851,99.236,ok,64.4,15.2,0
50-100:0145,50-100,41.29538,-73.146551,41.786185,-72.277782,90.589,ok,27.2,13.0,0
50-100:0146,50-100,43.311899,-72.546439,42.668083,-72.986973,80.055,ok,7.9,11.8,0
50-100:0147,50-100,42.236244,-72.137949,42.851471,-72.258418,69.118,ok,42.7,18.3,0
50-100:0148,50-100,42.627535,-72.874488,43.354898,-73.047705,82.097,ok,46.9,9.2,0
50-100:0149,50-100,41.929819,-72.669814,41.734539,-73.403732,64.567,ok,13.8,12.7,0
50-100:0150,50-100,42.273704,-71.791182,41.840379,-71.249494,65.739,ok,20.9,59.1,0
50-100:0151,50-100,42.058436,-70.74115,42.891054,-71.14252,98.261,ok,45.7,13.8,0
50-100:0152,50-100,42.178701,-72.367111,41.661188,-72.779559,66.902,ok,22.3,1.8,0
50-100:0153,50-100,42.278011,-71.376194,41.84455,-70.541697,84.078,ok,13.2,8.3,0
50-100:0154,50-100,43.094966,-71.73111,42.683424,-71.352284,55.196,ok,48.7,15.6,0
50-100:0155,50-100,43.524517,-72.080364,43.651374,-72.927525,69.673,ok,16.3,13.1,0
50-100:0156,50-100,42.536204,-71.30367,42.091769,-70.705594,69.718,ok,14.6,24.9,0
50-100:0157,50-100,43.469793,-72.804822,42.936606,-72.571686,62.226,ok,43.4,4.8,0
50-100:0158,50-100,43.824791,-72.285925,43.860629,-71.088124,96.144,ok,25.5,47.5,0
50-100:0159,50-100,42.282036,-72.537865,42.944549,-72.803295,76.804,ok,13.9,6.7,0
50-100:0160,50-100,42.186014,-72.34788,42.583898,-71.803827,62.881,ok,8.8,42.9,0
50-100:0161,50-100,41.249847,-70.141128,41.638992,-70.991151,83.019,snap_far,43455.6,85.7,0
50-100:0162,50-100,42.769256,-71.204227,41.9126,-71.259218,95.363,ok,4.8,49.1,0
50-100:0163,50-100,44.20006,-72.632888,44.49104,-73.186106,54.609,ok,36.8,22.8,0
50-100:0164,50-100,42.787034,-71.168948,42.138429,-71.639233,81.791,ok,5.2,46.5,0
50-100:0165,50-100,42.079261,-72.649535,42.63342,-72.22925,70.637,ok,6.1,6.0,0
50-100:0166,50-100,43.713665,-72.308154,43.33979,-71.259259,94.23,ok,8.1,36.6,0
50-100:0167,50-100,42.193936,-73.362773,41.783402,-72.523197,83.059,ok,1.7,3.5,0
50-100:0168,50-100,41.636222,-70.3203,41.562605,-70.942538,52.384,ok,19.7,58.1,0
50-100:0169,50-100,41.853781,-71.758376,41.998754,-72.905119,96.229,ok,7.9,11.1,0
50-100:0170,50-100,42.180552,-71.204759,42.150095,-71.868405,54.802,ok,10.3,19.6,0
50-100:0171,50-100,41.642598,-72.065354,41.952924,-71.466386,60.465,ok,24.2,36.7,0
50-100:0172,50-100,42.349309,-72.199278,41.862876,-72.559532,61.716,ok,5.7,29.1,0
50-100:0173,50-100,42.206078,-71.833685,41.845098,-72.900101,96.8,ok,5.3,10.9,0
50-100:0174,50-100,41.937332,-70.629274,41.388991,-71.520058,95.881,ok,22.9,18.3,0
50-100:0175,50-100,43.19091,-72.285365,42.795269,-73.224026,88.111,ok,1.7,8.0,0
50-100:0176,50-100,42.966198,-72.98368,42.410644,-72.591756,69.586,ok,64.1,25.5,0
50-100:0177,50-100,45.009874,-72.586375,44.599836,-71.800943,76.932,ok,2.7,1615.7,0
50-100:0178,50-100,41.699272,-71.458611,42.443144,-71.685282,84.804,ok,39.5,10.6,0
50-100:0179,50-100,44.457785,-71.646553,43.92229,-72.316761,80.005,ok,15.6,14.6,0
50-100:0180,50-100,41.699272,-71.458611,41.985597,-72.447398,87.879,ok,39.5,5.7,0
50-100:0181,50-100,43.218145,-72.293153,43.342302,-71.468405,68.176,ok,8.0,8.9,0
50-100:0182,50-100,43.09203,-71.007838,42.326552,-71.230741,87.044,ok,35.6,2.4,0
50-100:0183,50-100,42.441152,-71.069018,42.010655,-71.30561,51.681,ok,19.6,2.4,0
50-100:0184,50-100,43.641623,-72.971851,43.365014,-72.173502,71.358,ok,63.6,9.5,0
50-100:0185,50-100,42.370925,-71.850628,41.571765,-71.875072,88.886,ok,59.9,2.6,0
50-100:0186,50-100,44.115064,-72.311764,43.479887,-72.386627,70.884,ok,59.6,9.1,0
50-100:0187,50-100,41.968431,-71.894794,41.330934,-71.755066,71.831,ok,22.5,1.6,0
50-100:0188,50-100,43.262971,-72.594565,43.726459,-72.270924,57.773,ok,8.9,128.5,0
50-100:0189,50-100,42.425097,-70.986994,42.834806,-71.987858,93.701,ok,7.1,42.9,0
50-100:0190,50-100,44.619371,-71.328896,44.220894,-72.398157,95.783,ok,12.8,20.9,0
50-100:0191,50-100,42.817031,-71.60507,42.323455,-71.163944,65.704,ok,11.7,0.6,0
50-100:0192,50-100,42.409261,-71.404505,42.033434,-71.028656,52.003,ok,19.2,55.1,0
50-100:0193,50-100,41.51732,-72.872046,41.519821,-71.76118,92.486,ok,106.2,6.9,0
50-100:0194,50-100,42.157449,-72.329978,42.346859,-71.552519,67.366,ok,2.1,18.4,0
50-100:0195,50-100,41.746771,-70.709757,41.8261,-71.876435,97.131,ok,11.6,93.7,0
50-100:0196,50-100,41.470653,-72.939826,42.212516,-72.345301,96.074,ok,80.1,10.9,0
50-100:0197,50-100,41.62316,-70.859203,42.041763,-71.896739,97.753,ok,33.1,15.2,0
50-100:0198,50-100,42.421246,-71.68741,43.012019,-70.771943,99.543,ok,0.1,41.7,0
50-100:0199,50-100,43.048382,-71.43164,43.829439,-71.652098,88.655,ok,11.1,25.2,0
50-100:0200,50-100,42.66814,-72.485366,42.048159,-73.289302,95.477,ok,24.4,116.0,0
50-100:0201,50-100,41.837873,-73.270394,42.355677,-72.520425,84.522,ok,95.2,24.6,0
50-100:0202,50-100,41.957321,-71.647844,41.679543,-72.170356,53.188,ok,10.2,26.5,0
50-100:0203,50-100,41.946206,-73.050385,41.831487,-71.876461,98.008,ok,8.5,27.7,0
50-100:0204,50-100,42.244538,-71.771737,41.944699,-71.283421,52.297,ok,20.6,1.7,0
50-100:0205,50-100,41.570937,-71.057819,42.160102,-70.704484,71.749,ok,71.6,66.2,0
50-100:0206,50-100,41.777833,-72.211062,41.912253,-72.988205,66.087,ok,17.5,12.6,0
50-100:0207,50-100,41.983559,-71.977603,42.564534,-71.78285,66.559,ok,16.0,32.2,0
50-100:0208,50-100,41.948154,-71.648677,42.300099,-70.882824,74.303,ok,10.6,9.9,0
50-100:0209,50-100,42.048714,-70.686982,42.613982,-71.162001,73.996,ok,30.0,24.7,0
50-100:0210,50-100,42.033436,-70.738372,41.927877,-71.370334,53.54,ok,19.2,82.0,0
50-100:0211,50-100,42.94172,-70.837875,43.480914,-70.995342,61.299,ok,3.3,50.5,0
50-100:0212,50-100,42.975177,-72.521597,43.094966,-71.73111,65.614,ok,9.6,48.7,0
50-100:0213,50-100,42.475084,-73.285939,42.072721,-72.2206,98.411,ok,194.1,4.4,0
50-100:0214,50-100,42.06121,-71.200885,41.637327,-70.804757,57.429,ok,1.1,33.2,0
50-100:0215,50-100,42.339814,-71.850906,43.133061,-71.549149,91.583,ok,37.2,29.9,0
50-100:0216,50-100,43.399242,-71.961194,43.721019,-72.481122,55.094,ok,0.0,10.9,0
50-100:0217,50-100,41.688707,-73.262338,41.465932,-72.514533,66.954,ok,9.9,1.9,0
50-100:0218,50-100,42.771755,-71.407842,42.270926,-71.796678,64.162,ok,4.8,9.9,0
50-100:0219,50-100,43.725627,-72.192866,43.745341,-73.223169,82.806,ok,62.9,1.6,0
50-100:0220,50-100,42.558422,-71.978688,42.109817,-72.353693,58.638,ok,7.9,58.5,0
50-100:0221,50-100,44.419445,-71.474745,43.811778,-72.188826,88.403,ok,6.2,12.5,0
50-100:0222,50-100,42.666753,-72.012023,41.9251,-71.349499,98.844,ok,2.4,27.3,0
50-100:0223,50-100,41.719822,-72.832043,42.437792,-72.682093,80.788,ok,12.6,31.8,0
50-100:0224,50-100,41.147319,-73.395119,41.443622,-72.789261,60.394,ok,2.7,16.3,0
50-100:0225,50-100,42.067171,-72.678603,41.586208,-73.055386,61.926,ok,10.5,6.2,0
50-100:0226,50-100,43.265912,-71.697854,42.977592,-70.614771,93.568,snap_far,25.0,10474.9,0
50-100:0227,50-100,41.931795,-72.378525,41.283987,-72.353972,72.062,ok,15.3,6.3,0
50-100:0228,50-100,44.533717,-69.98497,44.006082,-70.522531,72.623,ok,4.9,4.3,0
50-100:0229,50-100,42.179389,-73.212187,41.954264,-72.104798,94.777,ok,9.9,5.8,0
50-100:0230,50-100,45.01201,-68.466413,45.46431,-68.142449,56.328,ok,7.4,3.2,0
50-100:0231,50-100,42.18065,-71.770348,41.837829,-72.818967,94.654,ok,11.2,36.1,0
50-100:0232,50-100,42.191768,-70.717818,42.526744,-71.761489,93.493,ok,42.2,2.6,0
50-100:0233,50-100,42.122319,-71.474506,42.012603,-70.724482,63.102,ok,38.3,23.1,0
50-100:0234,50-100,42.59592,-72.382863,42.141764,-71.424504,93.535,ok,365.3,17.8,0
50-100:0235,50-100,43.259616,-73.22291,43.410377,-72.606048,52.632,ok,15.2,6.6,0
50-100:0236,50-100,42.258899,-71.042399,42.880085,-71.783687,91.956,ok,15.7,6.8,0
50-100:0237,50-100,41.461223,-70.578639,41.836768,-71.113379,60.974,snap_far,8776.5,95.8,0
50-100:0238,50-100,41.92315,-73.207336,41.241208,-73.107331,76.283,ok,7.9,31.0,0
50-100:0239,50-100,42.278011,-71.376194,41.82232,-72.195078,84.493,ok,13.2,11.4,0
50-100:0240,50-100,41.757396,-72.1857,41.837873,-73.270394,90.361,ok,3.6,95.2,0
50-100:0241,50-100,41.954264,-72.104798,42.681753,-72.025079,81.158,ok,5.8,16.0,0
50-100:0242,50-100,42.198147,-72.726482,42.719528,-72.573145,59.324,ok,13.5,54.8,0
50-100:0243,50-100,41.720936,-70.939762,42.39676,-71.605067,93.081,ok,25.3,9.9,0
50-100:0244,50-100,41.666218,-70.619753,41.889101,-71.332323,64.075,ok,16.4,9.9,0
50-100:0245,50-100,41.316252,-72.329619,41.519821,-71.76118,52.527,ok,12.4,6.9,0
50-100:0246,50-100,42.277871,-71.828683,42.448485,-71.009878,69.897,ok,3.4,13.7,0
50-100:0247,50-100,42.727583,-72.464532,43.489956,-72.137017,88.843,ok,32.9,12.0,0
50-100:0248,50-100,44.015345,-71.677303,44.549775,-72.299549,77.363,ok,31.7,39.5,0
50-100:0249,50-100,41.209713,-73.056863,41.855417,-72.300583,95.487,ok,13.7,6.8,0
100-200:0000,100-200,41.305049,-72.258848,42.464284,-70.951695,168.296,ok,9.5,6.6,1
100-200:0001,100-200,43.763732,-72.372369,42.395927,-71.453674,169.406,ok,6.1,3.3,1
100-200:0002,100-200,44.147534,-71.789167,43.803671,-73.297663,126.619,ok,8.2,6.9,1
100-200:0003,100-200,41.575844,-72.50248,42.014822,-71.162272,121.35,ok,9.8,41.8,1
100-200:0004,100-200,42.174538,-70.951003,41.283431,-72.304248,149.76,ok,11.3,24.2,1
100-200:0005,100-200,41.878953,-71.38212,42.795269,-73.224026,182.481,ok,35.2,8.0,1
100-200:0006,100-200,44.378495,-73.228535,43.659118,-71.419243,165.31,ok,13.2,859.8,1
100-200:0007,100-200,42.192449,-70.726197,41.831487,-71.876461,103.16,ok,2.8,27.7,1
100-200:0008,100-200,42.334319,-73.367837,43.594526,-72.963295,143.943,ok,42.2,7.1,1
100-200:0009,100-200,43.562021,-71.483407,42.473706,-71.14311,124.137,ok,16.9,1.0,1
100-200:0010,100-200,42.592269,-72.791242,41.404541,-73.162612,135.588,ok,10.7,13.2,1
100-200:0011,100-200,41.713991,-71.153656,41.872231,-72.855107,142.145,ok,55.6,16.3,1
100-200:0012,100-200,44.81538,-71.881185,44.291719,-73.302904,126.809,ok,19.7,271.6,1
100-200:0013,100-200,42.439796,-70.968308,43.649709,-71.427482,139.615,ok,11.6,41.5,1
100-200:0014,100-200,42.660365,-71.905632,41.350112,-70.79753,172.071,snap_far,19.6,21795.3,0
100-200:0015,100-200,42.804097,-72.973943,41.93899,-71.053656,184.76,ok,11.8,31.7,1
100-200:0016,100-200,42.652027,-73.107881,41.466102,-72.157851,153.428,ok,231.1,15.2,0
100-200:0017,100-200,41.75816,-70.673645,43.497023,-71.259235,199.199,ok,16.8,21.9,0
100-200:0018,100-200,42.159812,-73.258443,43.228409,-72.840654,123.631,ok,14.7,48.4,0
100-200:0019,100-200,44.05117,-73.175396,43.149524,-71.768688,151.266,ok,174.9,7.6,0
100-200:0020,100-200,42.404259,-71.770349,44.022288,-72.272595,184.462,ok,54.0,21.1,0
100-200:0021,100-200,41.599838,-72.045805,42.029154,-73.337349,117.197,ok,11.7,11.5,0
100-200:0022,100-200,41.700379,-71.45978,42.572308,-72.585645,134.23,ok,19.6,104.6,0
100-200:0023,100-200,42.75988,-71.031821,42.207118,-72.607585,143.088,ok,2.3,1.3,0
100-200:0024,100-200,42.024544,-71.128659,41.449818,-73.276227,189.3,ok,28.2,8.1,0
100-200:0025,100-200,42.234816,-71.732847,43.809581,-71.353585,177.799,ok,165.3,7.9,0
100-200:0026,100-200,41.578954,-72.198108,41.176485,-73.291783,101.635,ok,39.7,17.7,0
100-200:0027,100-200,43.442188,-71.588804,42.358424,-71.987853,124.815,ok,3.3,62.8,0
100-200:0028,100-200,41.550374,-73.205391,42.575086,-72.581478,125.042,ok,0.1,12.3,0
100-200:0029,100-200,42.238988,-71.007826,43.766813,-69.859355,193.86,ok,11.0,0.0,0
100-200:0030,100-200,43.496463,-71.933972,42.70174,-72.630534,104.916,ok,4.4,10.9,0
100-200:0031,100-200,42.097319,-71.668956,42.818233,-73.020947,136.846,ok,162.9,971.2,0
100-200:0032,100-200,41.482597,-72.905103,42.605639,-73.080935,125.718,ok,47.9,81.3,0
100-200:0033,100-200,43.270081,-71.125342,42.704248,-73.180106,178.579,ok,5.8,305.6,0
100-200:0034,100-200,44.375156,-71.281566,44.610051,-72.810404,124.046,ok,11.1,1.8,0
100-200:0035,100-200,41.63371,-72.375083,42.352425,-71.06125,134.817,ok,4.5,9.8,0
100-200:0036,100-200,44.324339,-70.574112,43.217304,-71.206731,133.165,ok,7.7,39.3,0
100-200:0037,100-200,42.173816,-71.603135,43.235631,-72.385366,134.258,ok,3.0,64.5,0
100-200:0038,100-200,44.99117,-69.371713,44.619371,-71.328896,159.843,ok,0.7,12.8,0
100-200:0039,100-200,41.896209,-72.744539,42.627033,-71.880631,107.972,ok,27.7,139.1,0
100-200:0040,100-200,42.187038,-71.895351,41.737594,-73.46929,139.401,ok,29.4,35.1,0
100-200:0041,100-200,43.498684,-72.057864,43.654024,-70.262999,145.612,ok,2.6,5.6,0
100-200:0042,100-200,42.737587,-71.871188,41.358451,-70.50697,190.273,snap_far,11.0,21395.1,0
100-200:0043,100-200,41.379262,-73.35623,42.695087,-73.034588,148.705,ok,15.2,10.1,0
100-200:0044,100-200,42.451196,-73.198159,41.831487,-71.876461,128.931,ok,26.9,27.7,0
100-200:0045,100-200,43.122856,-72.29842,42.362595,-71.413394,111.219,ok,30.5,34.8,0
100-200:0046,100-200,43.638244,-70.252919,43.063968,-72.540645,195.682,ok,9.7,7.9,0
100-200:0047,100-200,41.343136,-70.813675,42.528983,-71.191167,135.507,snap_far,23148.2,6.0,0
100-200:0048,100-200,42.611197,-72.546755,43.399797,-71.939527,100.634,ok,24.1,7.5,0
100-200:0049,100-200,41.635099,-72.470364,41.800105,-70.598643,156.429,ok,27.9,75.0,0
100-200:0050,100-200,43.959981,-71.192964,42.353279,-71.734358,183.974,ok,9.3,25.7,0
100-200:0051,100-200,42.978698,-71.072837,41.809454,-71.336859,131.809,ok,12.4,8.9,0
100-200:0052,100-200,41.718571,-72.203434,42.066768,-70.828652,120.2,ok,6.4,6.1,0
100-200:0053,100-200,42.373473,-71.118943,42.624807,-72.708703,133.293,ok,16.5,49.7,0
100-200:0054,100-200,42.278981,-72.377861,42.143157,-70.770319,133.253,ok,102.0,7.5,0
100-200:0055,100-200,43.642081,-72.960125,42.41398,-71.898129,161.552,ok,4.7,12.6,0
100-200:0056,100-200,41.865107,-69.99113,42.114518,-71.654404,140.232,ok,23.3,25.2,0
100-200:0057,100-200,42.300087,-73.334275,42.25445,-71.814702,125.121,ok,22.4,5.2,0
100-200:0058,100-200,42.30565,-71.524509,43.518226,-72.971161,179.047,ok,17.0,11.6,0
100-200:0059,100-200,44.020342,-72.604549,42.83898,-70.830052,194.385,ok,59.9,43.1,0
100-200:0060,100-200,43.577161,-71.349821,41.908211,-71.307558,185.611,ok,36.8,151.2,0
100-200:0061,100-200,43.135711,-72.894671,42.441763,-71.016162,171.61,ok,3.5,40.8,0
100-200:0062,100-200,43.142649,-72.026335,42.088989,-71.064769,141.129,ok,7.7,31.0,0
100-200:0063,100-200,41.957321,-71.647844,41.201744,-73.064129,144.691,ok,10.2,9.3,0
100-200:0064,100-200,43.396146,-72.701165,44.6513,-72.989739,141.461,ok,8.3,50.6,0
100-200:0065,100-200,42.223708,-71.355058,42.180607,-72.927913,129.644,ok,29.8,4.9,0
100-200:0066,100-200,41.358993,-71.879242,42.283433,-70.87449,132.28,ok,17.1,23.1,0
100-200:0067,100-200,41.394264,-72.817044,42.30621,-70.907824,187.849,ok,18.8,20.3,0
100-200:0068,100-200,42.36295,-71.057845,42.590123,-72.549733,124.932,ok,7.6,47.4,0
100-200:0069,100-200,42.004038,-71.335765,41.285237,-72.638294,134.543,ok,11.2,18.5,0
100-200:0070,100-200,42.676145,-71.422773,43.820899,-72.764272,167.352,ok,1.7,0.3,0
100-200:0071,100-200,42.66814,-72.485366,43.691188,-71.058678,162.24,ok,24.4,20.7,0
100-200:0072,100-200,44.11534,-72.654275,42.894531,-71.291174,174.675,ok,4.4,8.9,0
100-200:0073,100-200,44.871415,-73.097976,44.261007,-72.05495,106.93,ok,8.1,8.3,0
100-200:0074,100-200,43.036746,-72.389532,41.733433,-71.562562,160.046,ok,7.1,14.6,0
100-200:0075,100-200,42.558422,-71.978688,42.068426,-73.159554,111.338,ok,7.9,45.1,0
100-200:0076,100-200,41.6951,-71.549228,42.667213,-71.705083,108.854,ok,12.8,36.6,0
100-200:0077,100-200,42.258899,-71.042399,43.176749,-71.169786,102.59,ok,15.7,84.1,0
100-200:0078,100-200,41.61011,-70.464749,41.621849,-72.331666,155.201,ok,49.0,11.2,0
100-200:0079,100-200,45.101301,-71.26834,44.731183,-68.826426,196.627,ok,46.8,12.3,0
100-200:0080,100-200,42.345924,-72.384251,41.303987,-72.132577,117.72,ok,75.0,13.6,0
100-200:0081,100-200,41.394358,-73.07417,42.33171,-71.096049,194.151,ok,10.5,5.0,0
100-200:0082,100-200,41.353987,-72.052298,41.655523,-70.124272,164.014,ok,15.6,12.0,0
100-200:0083,100-200,42.613428,-70.710601,43.414026,-71.985168,136.613,ok,55.0,6.0,0
100-200:0084,100-200,42.677872,-70.659212,41.353987,-72.052298,186.851,ok,33.7,15.6,0
100-200:0085,100-200,41.775657,-71.316163,42.562186,-73.161596,175.437,ok,101.7,8.2,0
100-200:0086,100-200,43.972287,-72.746775,44.664366,-71.888496,102.88,ok,108.1,6.1,0
100-200:0087,100-200,43.567087,-71.333062,42.575086,-72.581478,149.832,ok,181.8,12.3,0
100-200:0088,100-200,42.218991,-70.786395,42.153425,-72.870376,171.853,ok,5.5,677.5,0
100-200:0089,100-200,42.063992,-70.152248,42.575087,-72.218972,179.168,ok,25.6,11.8,0
100-200:0090,100-200,42.575086,-72.581478,43.540648,-70.847427,177.126,ok,12.3,25.3,0
100-200:0091,100-200,41.535095,-73.366231,41.597882,-70.980039,198.635,ok,0.8,21.2,0
100-200:0092,100-200,42.370922,-72.637034,41.323409,-72.842928,117.72,ok,18.9,18.7,0
100-200:0093,100-200,43.923961,-71.304239,44.512738,-73.2711,169.861,ok,1903.2,54.5,0
100-200:0094,100-200,42.239784,-71.370142,43.113515,-73.103714,171.817,ok,0.2,15.3,0
100-200:0095,100-200,42.377875,-70.973105,41.656765,-72.158411,126.559,ok,8.1,2.8,0
100-200:0096,100-200,42.47509,-72.078967,43.17947,-72.883115,102.152,ok,8.3,12.5,0
100-200:0097,100-200,41.518709,-72.734819,42.818233,-73.020947,146.412,ok,29.9,971.2,0
100-200:0098,100-200,43.221177,-72.236723,44.401449,-71.44258,145.891,ok,15.3,9.2,0
100-200:0099,100-200,41.983426,-73.421232,42.269034,-71.781481,138.907,ok,63.9,20.3,0
100-200:0100,100-200,44.061633,-70.394473,43.115019,-71.100082,119.619,ok,9.3,4.7,0
100-200:0101,100-200,42.149928,-71.762966,41.258155,-72.509534,116.935,ok,18.1,5.4,0
100-200:0102,100-200,42.307348,-73.250491,41.969821,-71.473671,151.233,ok,3.8,7.0,0
100-200:0103,100-200,42.698141,-72.084803,43.985058,-73.31262,174.168,ok,0.9,63.2,0
100-200:0104,100-200,42.033434,-70.99671,42.468697,-72.932041,166.478,ok,27.8,8.3,0
100-200:0105,100-200,41.638689,-70.993354,42.293146,-72.603701,151.727,ok,64.8,61.1,0
100-200:0106,100-200,41.561488,-72.582869,41.352911,-70.466433,177.887,snap_far,15.4,22483.0,0
100-200:0107,100-200,41.955654,-71.70229,42.701473,-72.664814,114.621,ok,12.9,67.0,0
100-200:0108,100-200,41.759272,-70.631143,42.484812,-71.986187,137.832,ok,0.7,16.7,0
100-200:0109,100-200,41.666218,-70.619753,43.134564,-70.927048,165.211,ok,16.4,12.7,0
100-200:0110,100-200,43.257581,-71.372568,41.573716,-70.949482,190.431,ok,12.1,158.5,0
100-200:0111,100-200,43.516182,-72.37148,42.269811,-71.825298,145.557,ok,4.1,11.1,0
100-200:0112,100-200,43.850265,-69.641765,43.012019,-70.771943,130.445,ok,0.1,41.7,0
100-200:0113,100-200,41.864933,-72.42082,42.677672,-71.819828,103.016,ok,20.8,23.7,0
100-200:0114,100-200,42.594001,-72.226814,41.912603,-70.766149,142.1,ok,5.3,27.0,0
100-200:0115,100-200,42.611197,-72.546755,41.683662,-73.199665,116.338,ok,24.1,10.4,0
100-200:0116,100-200,41.789263,-73.140111,42.738972,-72.643147,113.244,ok,0.8,10.4,0
100-200:0117,100-200,41.828153,-72.976493,43.528959,-72.827428,189.513,ok,11.2,7.0,0
100-200:0118,100-200,41.339999,-72.142409,42.577866,-71.952299,138.539,ok,7.5,33.3,0
100-200:0119,100-200,42.189845,-72.855973,43.489956,-72.137017,155.997,ok,10.8,12.0,0
100-200:0120,100-200,44.936717,-72.205599,44.96611,-70.772463,112.824,ok,13.3,1.5,0
100-200:0121,100-200,43.06789,-72.458647,44.594433,-72.230085,170.731,ok,8.0,2.8,0
100-200:0122,100-200,42.348865,-73.015305,42.436207,-71.050885,161.611,ok,0.8,4.8,0
100-200:0123,100-200,43.417302,-71.29729,42.286204,-71.787015,131.956,ok,62.1,13.0,0
100-200:0124,100-200,42.072317,-72.327303,41.741771,-70.649477,143.628,ok,5.4,1.2,0
100-200:0125,100-200,44.685059,-70.226452,43.305177,-71.328002,176.934,ok,10.3,5.4,0
100-200:0126,100-200,42.611197,-72.546755,42.239784,-71.370142,105.034,ok,24.1,0.2,0
100-200:0127,100-200,42.615358,-71.215563,43.48852,-72.881614,166.586,ok,13.2,6.9,0
100-200:0128,100-200,42.316639,-72.126544,43.804519,-71.813077,167.393,ok,6.9,7.3,0
100-200:0129,100-200,43.102988,-71.617126,44.307264,-69.971254,188.235,ok,14.9,2.0,0
100-200:0130,100-200,43.672021,-71.297292,42.186014,-72.34788,186.059,ok,18.7,8.8,0
100-200:0131,100-200,42.711195,-72.673147,41.658047,-70.813519,192.84,ok,16.4,2.5,0
100-200:0132,100-200,41.878834,-72.979617,42.558422,-71.997855,110.663,ok,14.0,45.0,0
100-200:0133,100-200,42.212516,-72.345301,41.739831,-70.220298,183.352,ok,10.9,19.2,0
100-200:0134,100-200,43.149524,-71.768688,44.036497,-69.972079,175.098,ok,7.6,1.0,0
100-200:0135,100-200,42.154257,-73.07455,43.207178,-71.537476,171.735,ok,4.5,29.7,0
100-200:0136,100-200,42.043706,-72.635646,42.153433,-71.129217,124.885,ok,27.0,19.3,0
100-200:0137,100-200,41.604239,-70.634803,42.48204,-71.061997,103.786,ok,6.4,37.0,0
100-200:0138,100-200,42.564807,-72.803705,42.360649,-71.5959,101.643,ok,15.7,49.2,0
100-200:0139,100-200,41.644548,-71.064764,41.482595,-73.409565,195.907,ok,31.8,5.6,0
100-200:0140,100-200,41.244568,-70.087794,42.491206,-71.15061,164.194,snap_far,44972.0,34.4,0
100-200:0141,100-200,42.637584,-72.726481,42.199702,-70.75877,168.7,ok,12.5,25.2,0
100-200:0142,100-200,41.43159,-71.456978,41.522597,-72.886491,119.52,ok,24.7,10.2,0
100-200:0143,100-200,41.261202,-72.800798,42.291198,-73.376221,124.072,ok,4.8,12.2,0
100-200:0144,100-200,42.600085,-72.842595,42.06121,-71.200885,147.655,ok,0.3,1.1,0
100-200:0145,100-200,42.69314,-72.438421,43.887303,-72.494447,132.862,ok,48.9,13.3,0
100-200:0146,100-200,42.756757,-71.103669,43.118635,-72.45506,117.137,ok,59.7,5.4,0
100-200:0147,100-200,44.186728,-72.479548,43.389671,-71.233835,133.617,ok,0.3,436.2,0
100-200:0148,100-200,43.895386,-71.677981,42.694499,-72.247003,141.25,ok,8.0,13.7,0
100-200:0149,100-200,41.938988,-71.430614,42.920081,-72.43731,136.847,ok,28.0,16.1,0
100-200:0150,100-200,45.271441,-69.116709,44.430657,-68.284507,114.21,ok,22.2,5.1,0
100-200:0151,100-200,43.659118,-71.419243,42.627873,-70.688378,129.092,ok,859.8,162.6,0
100-200:0152,100-200,43.322049,-70.580742,42.058435,-70.849486,142.214,ok,25.0,88.4,0
100-200:0153,100-200,43.04814,-71.248674,41.901494,-70.54392,139.99,ok,25.3,1.1,0
100-200:0154,100-200,42.018435,-70.846707,41.90954,-73.060108,183.401,ok,3.1,3.0,0
100-200:0155,100-200,41.693439,-70.615309,43.056193,-71.714242,176.379,ok,29.4,4.7,0
100-200:0156,100-200,42.510641,-72.776481,41.340489,-73.491776,142.938,ok,68.9,27.5,0
100-200:0157,100-200,42.174538,-70.951003,43.075131,-70.760183,101.351,ok,11.3,27.2,0
100-200:0158,100-200,42.535228,-72.532943,41.737603,-70.895317,161.551,ok,20.9,36.5,0
100-200:0159,100-200,43.468691,-71.232012,42.447309,-72.857873,174.363,ok,26.2,28.2,0
100-200:0160,100-200,44.623224,-71.390267,43.475625,-73.235942,195.034,ok,5.9,4.1,0
100-200:0161,100-200,41.878434,-71.167825,43.151466,-72.560368,181.831,ok,12.5,22.8,0
100-200:0162,100-200,43.491469,-71.023121,43.649066,-72.559911,125.042,ok,37.0,6.6,0
100-200:0163,100-200,42.978698,-71.072837,41.667605,-70.762812,147.998,ok,12.4,1.7,0
100-200:0164,100-200,43.70636,-73.02775,44.664366,-71.888496,139.996,ok,10.3,6.1,0
100-200:0165,100-200,44.208399,-72.103663,42.701473,-72.664814,173.576,ok,6.1,67.0,0
100-200:0166,100-200,42.445797,-72.61479,41.330934,-71.755066,142.941,ok,14.2,1.6,0
100-200:0167,100-200,43.507724,-71.261364,42.650085,-72.463976,136.506,ok,30.6,65.7,0
100-200:0168,100-200,42.676145,-71.422773,42.077315,-72.943435,141.548,ok,1.7,1.5,0
100-200:0169,100-200,44.205712,-73.246297,44.254003,-71.950269,103.401,ok,7.7,8.4,0
100-200:0170,100-200,43.686061,-71.31555,44.571442,-72.250659,123.54,ok,36.6,50.1,0
100-200:0171,100-200,43.701188,-70.983399,43.682015,-72.294813,105.46,ok,20.2,16.6,0
100-200:0172,100-200,42.122403,-72.200311,42.637593,-70.974497,115.841,ok,2.8,177.5,0
100-200:0173,100-200,41.618986,-73.041218,42.844528,-71.964524,162.566,ok,4.8,16.3,0
100-200:0174,100-200,42.854804,-72.687593,42.102875,-71.474506,129.951,ok,14.0,26.2,0
100-200:0175,100-200,43.572373,-71.224186,42.564807,-72.950098,179.459,ok,38.1,38.0,0
100-200:0176,100-200,44.148641,-72.402468,43.522301,-71.27118,114.384,ok,7.1,7.2,0
100-200:0177,100-200,44.570324,-71.75828,43.51696,-71.840723,117.314,ok,8.6,12.4,0
100-200:0178,100-200,44.997831,-70.836736,43.567087,-71.333062,163.923,ok,111.7,181.8,0
100-200:0179,100-200,41.472321,-71.814792,42.221667,-70.807511,117.915,ok,4.9,7.3,0
100-200:0180,100-200,41.985597,-72.447398,42.258899,-71.042399,119.795,ok,5.7,15.7,0
100-200:0181,100-200,42.058436,-70.74115,43.789522,-70.408386,194.385,ok,45.7,4.3,0
100-200:0182,100-200,43.918117,-73.160949,42.624807,-72.708703,148.397,ok,11.5,49.7,0
100-200:0183,100-200,41.206763,-73.235948,41.878953,-71.38212,171.431,ok,5.5,35.2,0
100-200:0184,100-200,41.702889,-69.96946,42.42315,-71.091463,122.446,ok,70.1,16.1,0
100-200:0185,100-200,43.681185,-71.56702,44.697076,-71.844343,115.106,ok,12.1,5.8,0
100-200:0186,100-200,42.358425,-71.838406,42.519022,-73.227784,115.404,ok,54.9,10.0,0
100-200:0187,100-200,43.556545,-71.304524,42.059185,-70.783411,171.839,ok,53.6,5.6,0
100-200:0188,100-200,43.674243,-71.335071,42.543705,-71.226724,126.018,ok,7.7,13.4,0
100-200:0189,100-200,44.73663,-71.632734,43.038698,-70.997281,195.547,ok,7.6,20.6,0
100-200:0190,100-200,42.262599,-70.995326,41.98947,-73.09586,175.869,ok,4.1,11.3,0
100-200:0191,100-200,44.631627,-72.285062,43.721188,-71.002566,143.904,ok,7.8,107.7,0
100-200:0192,100-200,41.990221,-70.975443,41.457113,-71.969077,101.558,ok,0.7,29.8,0
100-200:0193,100-200,41.479539,-73.463456,41.661214,-71.08421,198.95,ok,3.3,23.0,0
100-200:0194,100-200,42.786507,-72.484155,41.794877,-71.067535,160.421,ok,8.4,7.7,0
100-200:0195,100-200,44.99656,-72.671942,44.049232,-72.148147,113.227,ok,10.6,11.7,0
100-200:0196,100-200,42.160102,-70.743096,41.671175,-72.943013,189.968,ok,32.1,1.6,0
100-200:0197,100-200,42.415363,-73.316218,42.504817,-71.195611,174.241,ok,312.4,15.6,0
100-200:0198,100-200,41.828153,-72.976493,43.221177,-72.236723,166.336,ok,11.2,15.3,0
100-200:0199,100-200,42.993296,-72.483165,42.788496,-71.200903,106.914,ok,6.5,3.8,0
100-200:0200,100-200,41.65177,-70.959484,41.296766,-72.532313,136.852,ok,21.9,8.8,0
100-200:0201,100-200,43.642081,-72.960125,43.731744,-70.710455,181.16,ok,4.7,23.8,0
100-200:0202,100-200,43.262971,-72.594565,44.651217,-71.320593,185.002,ok,8.9,12.2,0
100-200:0203,100-200,43.522301,-71.27118,44.259498,-73.211235,175.745,ok,7.2,13.1,0
100-200:0204,100-200,41.756015,-72.664193,41.800105,-70.598643,171.345,ok,34.9,75.0,0
100-200:0205,100-200,42.301476,-73.414,42.400093,-71.593955,149.964,ok,56.9,4.1,0
100-200:0206,100-200,43.204805,-71.104508,41.746771,-70.709757,165.326,ok,54.7,11.6,0
100-200:0207,100-200,42.370922,-72.637034,41.809454,-71.336859,124.128,ok,18.9,8.9,0
100-200:0208,100-200,42.613982,-71.162001,42.689528,-72.897598,142.187,ok,24.7,55.0,0
100-200:0209,100-200,41.889442,-70.76933,42.892348,-71.312403,120.105,ok,18.6,14.7,0
100-200:0210,100-200,42.24819,-71.173442,41.304912,-69.981574,144.113,snap_far,2.2,38978.9,0
100-200:0211,100-200,42.675086,-72.06758,43.959981,-71.192964,159.433,ok,35.6,9.3,0
100-200:0212,100-200,41.886211,-71.32172,43.66624,-71.558013,198.868,ok,29.3,17.1,0
100-200:0213,100-200,42.554262,-70.948106,42.63342,-72.22925,105.24,ok,10.7,6.0,0
100-200:0214,100-200,44.686059,-71.588618,43.566736,-72.965383,166.027,ok,6.7,7.8,0
100-200:0215,100-200,41.713991,-71.182824,42.946474,-71.515901,139.754,ok,19.6,1.8,0
100-200:0216,100-200,42.068862,-72.61516,43.169456,-73.048561,127.415,ok,18.1,7.2,0
100-200:0217,100-200,43.860277,-71.263504,42.595929,-70.686989,148.145,ok,68.4,18.0,0
100-200:0218,100-200,42.676209,-72.187871,43.417302,-71.29729,109.671,ok,30.9,62.1,0
100-200:0219,100-200,43.248976,-70.59922,42.378963,-72.108658,156.578,ok,11.1,18.7,0
100-200:0220,100-200,41.640491,-73.319015,43.254697,-72.79562,184.556,ok,21.1,8.3,0
100-200:0221,100-200,41.121732,-73.370396,42.709806,-72.703704,185.0,ok,5.9,29.3,0
100-200:0222,100-200,42.36,-71.20235,43.624512,-72.939828,199.341,ok,0.9,10.2,0
100-200:0223,100-200,41.83104,-71.54121,43.095915,-71.267975,142.422,ok,56.6,5.1,0
100-200:0224,100-200,42.373209,-72.596091,43.429519,-72.045641,125.722,ok,10.7,0.2,0
100-200:0225,100-200,44.56155,-72.598296,42.930427,-73.242701,188.613,ok,8.4,8.8,0
100-200:0226,100-200,41.644271,-70.874481,42.268632,-72.085024,121.818,ok,15.3,3.9,0
100-200:0227,100-200,42.874249,-72.212584,44.500888,-72.286771,180.973,ok,72.5,2.9,0
100-200:0228,100-200,41.887373,-71.387647,42.698415,-73.130104,169.329,ok,21.8,4.0,0
100-200:0229,100-200,42.864287,-71.625248,41.565653,-73.022884,184.656,ok,44.4,35.9,0
100-200:0230,100-200,42.757306,-72.357586,42.145935,-70.739763,149.127,ok,16.9,71.6,0
100-200:0231,100-200,42.415363,-73.316218,43.693406,-71.769524,189.7,ok,312.4,12.2,0
100-200:0232,100-200,44.237555,-73.144011,44.015643,-71.100161,164.983,ok,34.0,13.6,0
100-200:0233,100-200,42.439808,-73.092602,42.475093,-71.409506,138.13,ok,188.0,55.1,0
100-200:0234,100-200,42.448146,-71.924519,43.500739,-70.442986,168.004,ok,23.6,4.2,0
100-200:0235,100-200,44.307264,-69.971254,42.658428,-70.677268,191.985,ok,2.0,62.9,0
100-200:0236,100-200,44.968808,-70.594763,43.757273,-71.688544,160.337,ok,6.0,5.7,0
100-200:0237,100-200,41.89344,-69.986964,42.755642,-71.871743,182.205,ok,7.9,7.0,0
100-200:0238,100-200,43.057855,-73.118439,42.892348,-71.312403,148.077,ok,12.6,14.7,0
100-200:0239,100-200,41.468706,-73.436233,42.890354,-72.952326,163.031,ok,8.4,16.9,0
100-200:0240,100-200,41.637603,-70.996707,42.686198,-70.622883,120.601,ok,0.5,7.3,0
100-200:0241,100-200,42.986473,-71.578681,41.738437,-72.201798,147.917,ok,30.9,63.3,0
100-200:0242,100-200,43.127855,-72.877044,41.784821,-72.174522,160.073,ok,41.1,2.6,0
100-200:0243,100-200,42.81499,-72.023531,41.766162,-72.673273,128.286,ok,9.8,2.2,0
100-200:0244,100-200,42.087594,-72.639813,41.87538,-70.840039,150.623,ok,10.1,1.8,0
100-200:0245,100-200,41.648442,-70.481138,41.956485,-72.795374,194.855,ok,9.6,36.0,0
100-200:0246,100-200,41.737603,-70.895317,42.52509,-71.877297,119.266,ok,36.5,3.4,0
100-200:0247,100-200,41.571194,-71.452418,42.877617,-71.949383,150.921,ok,10.3,10.3,0
100-200:0248,100-200,41.538986,-73.052886,41.579329,-71.491727,129.97,ok,7.4,17.9,0
100-200:0249,100-200,41.96995,-72.354997,43.681726,-72.307447,190.38,ok,15.7,7.5,0
